file_path,emotion
calm\classical_classical.00000.wav,calm
calm\classical_classical.00001.wav,calm
calm\classical_classical.00002.wav,calm
calm\classical_classical.00003.wav,calm
calm\classical_classical.00004.wav,calm
calm\classical_classical.00005.wav,calm
calm\classical_classical.00006.wav,calm
calm\classical_classical.00007.wav,calm
calm\classical_classical.00008.wav,calm
calm\classical_classical.00009.wav,calm
calm\classical_classical.00010.wav,calm
calm\classical_classical.00011.wav,calm
calm\classical_classical.00012.wav,calm
calm\classical_classical.00013.wav,calm
calm\classical_classical.00014.wav,calm
calm\classical_classical.00015.wav,calm
calm\classical_classical.00016.wav,calm
calm\classical_classical.00017.wav,calm
calm\classical_classical.00018.wav,calm
calm\classical_classical.00019.wav,calm
calm\classical_classical.00020.wav,calm
calm\classical_classical.00021.wav,calm
calm\classical_classical.00022.wav,calm
calm\classical_classical.00023.wav,calm
calm\classical_classical.00024.wav,calm
calm\classical_classical.00025.wav,calm
calm\classical_classical.00026.wav,calm
calm\classical_classical.00027.wav,calm
calm\classical_classical.00028.wav,calm
calm\classical_classical.00029.wav,calm
calm\classical_classical.00030.wav,calm
calm\classical_classical.00031.wav,calm
calm\classical_classical.00032.wav,calm
calm\classical_classical.00033.wav,calm
calm\classical_classical.00034.wav,calm
calm\classical_classical.00035.wav,calm
calm\classical_classical.00036.wav,calm
calm\classical_classical.00037.wav,calm
calm\classical_classical.00038.wav,calm
calm\classical_classical.00039.wav,calm
calm\classical_classical.00040.wav,calm
calm\classical_classical.00041.wav,calm
calm\classical_classical.00042.wav,calm
calm\classical_classical.00043.wav,calm
calm\classical_classical.00044.wav,calm
calm\classical_classical.00045.wav,calm
calm\classical_classical.00046.wav,calm
calm\classical_classical.00047.wav,calm
calm\classical_classical.00048.wav,calm
calm\classical_classical.00049.wav,calm
calm\classical_classical.00050.wav,calm
calm\classical_classical.00051.wav,calm
calm\classical_classical.00052.wav,calm
calm\classical_classical.00053.wav,calm
calm\classical_classical.00054.wav,calm
calm\classical_classical.00055.wav,calm
calm\classical_classical.00056.wav,calm
calm\classical_classical.00057.wav,calm
calm\classical_classical.00058.wav,calm
calm\classical_classical.00059.wav,calm
calm\classical_classical.00060.wav,calm
calm\classical_classical.00061.wav,calm
calm\classical_classical.00062.wav,calm
calm\classical_classical.00063.wav,calm
calm\classical_classical.00064.wav,calm
calm\classical_classical.00065.wav,calm
calm\classical_classical.00066.wav,calm
calm\classical_classical.00067.wav,calm
calm\classical_classical.00068.wav,calm
calm\classical_classical.00069.wav,calm
calm\classical_classical.00070.wav,calm
calm\classical_classical.00071.wav,calm
calm\classical_classical.00072.wav,calm
calm\classical_classical.00073.wav,calm
calm\classical_classical.00074.wav,calm
calm\classical_classical.00075.wav,calm
calm\classical_classical.00076.wav,calm
calm\classical_classical.00077.wav,calm
calm\classical_classical.00078.wav,calm
calm\classical_classical.00079.wav,calm
calm\classical_classical.00080.wav,calm
calm\classical_classical.00081.wav,calm
calm\classical_classical.00082.wav,calm
calm\classical_classical.00083.wav,calm
calm\classical_classical.00084.wav,calm
calm\classical_classical.00085.wav,calm
calm\classical_classical.00086.wav,calm
calm\classical_classical.00087.wav,calm
calm\classical_classical.00088.wav,calm
calm\classical_classical.00089.wav,calm
calm\classical_classical.00090.wav,calm
calm\classical_classical.00091.wav,calm
calm\classical_classical.00092.wav,calm
calm\classical_classical.00093.wav,calm
calm\classical_classical.00094.wav,calm
calm\classical_classical.00095.wav,calm
calm\classical_classical.00096.wav,calm
calm\classical_classical.00097.wav,calm
calm\classical_classical.00098.wav,calm
calm\classical_classical.00099.wav,calm
calm\jazz_jazz.00000.wav,calm
calm\jazz_jazz.00001.wav,calm
calm\jazz_jazz.00002.wav,calm
calm\jazz_jazz.00003.wav,calm
calm\jazz_jazz.00004.wav,calm
calm\jazz_jazz.00005.wav,calm
calm\jazz_jazz.00006.wav,calm
calm\jazz_jazz.00007.wav,calm
calm\jazz_jazz.00008.wav,calm
calm\jazz_jazz.00009.wav,calm
calm\jazz_jazz.00010.wav,calm
calm\jazz_jazz.00011.wav,calm
calm\jazz_jazz.00012.wav,calm
calm\jazz_jazz.00013.wav,calm
calm\jazz_jazz.00014.wav,calm
calm\jazz_jazz.00015.wav,calm
calm\jazz_jazz.00016.wav,calm
calm\jazz_jazz.00017.wav,calm
calm\jazz_jazz.00018.wav,calm
calm\jazz_jazz.00019.wav,calm
calm\jazz_jazz.00020.wav,calm
calm\jazz_jazz.00021.wav,calm
calm\jazz_jazz.00022.wav,calm
calm\jazz_jazz.00023.wav,calm
calm\jazz_jazz.00024.wav,calm
calm\jazz_jazz.00025.wav,calm
calm\jazz_jazz.00026.wav,calm
calm\jazz_jazz.00027.wav,calm
calm\jazz_jazz.00028.wav,calm
calm\jazz_jazz.00029.wav,calm
calm\jazz_jazz.00030.wav,calm
calm\jazz_jazz.00031.wav,calm
calm\jazz_jazz.00032.wav,calm
calm\jazz_jazz.00033.wav,calm
calm\jazz_jazz.00034.wav,calm
calm\jazz_jazz.00035.wav,calm
calm\jazz_jazz.00036.wav,calm
calm\jazz_jazz.00037.wav,calm
calm\jazz_jazz.00038.wav,calm
calm\jazz_jazz.00039.wav,calm
calm\jazz_jazz.00040.wav,calm
calm\jazz_jazz.00041.wav,calm
calm\jazz_jazz.00042.wav,calm
calm\jazz_jazz.00043.wav,calm
calm\jazz_jazz.00044.wav,calm
calm\jazz_jazz.00045.wav,calm
calm\jazz_jazz.00046.wav,calm
calm\jazz_jazz.00047.wav,calm
calm\jazz_jazz.00048.wav,calm
calm\jazz_jazz.00049.wav,calm
calm\jazz_jazz.00050.wav,calm
calm\jazz_jazz.00051.wav,calm
calm\jazz_jazz.00052.wav,calm
calm\jazz_jazz.00053.wav,calm
calm\jazz_jazz.00055.wav,calm
calm\jazz_jazz.00056.wav,calm
calm\jazz_jazz.00057.wav,calm
calm\jazz_jazz.00058.wav,calm
calm\jazz_jazz.00059.wav,calm
calm\jazz_jazz.00060.wav,calm
calm\jazz_jazz.00061.wav,calm
calm\jazz_jazz.00062.wav,calm
calm\jazz_jazz.00063.wav,calm
calm\jazz_jazz.00064.wav,calm
calm\jazz_jazz.00065.wav,calm
calm\jazz_jazz.00066.wav,calm
calm\jazz_jazz.00067.wav,calm
calm\jazz_jazz.00068.wav,calm
calm\jazz_jazz.00069.wav,calm
calm\jazz_jazz.00070.wav,calm
calm\jazz_jazz.00071.wav,calm
calm\jazz_jazz.00072.wav,calm
calm\jazz_jazz.00073.wav,calm
calm\jazz_jazz.00074.wav,calm
calm\jazz_jazz.00075.wav,calm
calm\jazz_jazz.00076.wav,calm
calm\jazz_jazz.00077.wav,calm
calm\jazz_jazz.00078.wav,calm
calm\jazz_jazz.00079.wav,calm
calm\jazz_jazz.00080.wav,calm
calm\jazz_jazz.00081.wav,calm
calm\jazz_jazz.00082.wav,calm
calm\jazz_jazz.00083.wav,calm
calm\jazz_jazz.00084.wav,calm
calm\jazz_jazz.00085.wav,calm
calm\jazz_jazz.00086.wav,calm
calm\jazz_jazz.00087.wav,calm
calm\jazz_jazz.00088.wav,calm
calm\jazz_jazz.00089.wav,calm
calm\jazz_jazz.00090.wav,calm
calm\jazz_jazz.00091.wav,calm
calm\jazz_jazz.00092.wav,calm
calm\jazz_jazz.00093.wav,calm
calm\jazz_jazz.00094.wav,calm
calm\jazz_jazz.00095.wav,calm
calm\jazz_jazz.00096.wav,calm
calm\jazz_jazz.00097.wav,calm
calm\jazz_jazz.00098.wav,calm
calm\jazz_jazz.00099.wav,calm
calm\reggae_reggae.00000.wav,calm
calm\reggae_reggae.00001.wav,calm
calm\reggae_reggae.00002.wav,calm
calm\reggae_reggae.00003.wav,calm
calm\reggae_reggae.00004.wav,calm
calm\reggae_reggae.00005.wav,calm
calm\reggae_reggae.00006.wav,calm
calm\reggae_reggae.00007.wav,calm
calm\reggae_reggae.00008.wav,calm
calm\reggae_reggae.00009.wav,calm
calm\reggae_reggae.00010.wav,calm
calm\reggae_reggae.00011.wav,calm
calm\reggae_reggae.00012.wav,calm
calm\reggae_reggae.00013.wav,calm
calm\reggae_reggae.00014.wav,calm
calm\reggae_reggae.00015.wav,calm
calm\reggae_reggae.00016.wav,calm
calm\reggae_reggae.00017.wav,calm
calm\reggae_reggae.00018.wav,calm
calm\reggae_reggae.00019.wav,calm
calm\reggae_reggae.00020.wav,calm
calm\reggae_reggae.00021.wav,calm
calm\reggae_reggae.00022.wav,calm
calm\reggae_reggae.00023.wav,calm
calm\reggae_reggae.00024.wav,calm
calm\reggae_reggae.00025.wav,calm
calm\reggae_reggae.00026.wav,calm
calm\reggae_reggae.00027.wav,calm
calm\reggae_reggae.00028.wav,calm
calm\reggae_reggae.00029.wav,calm
calm\reggae_reggae.00030.wav,calm
calm\reggae_reggae.00031.wav,calm
calm\reggae_reggae.00032.wav,calm
calm\reggae_reggae.00033.wav,calm
calm\reggae_reggae.00034.wav,calm
calm\reggae_reggae.00035.wav,calm
calm\reggae_reggae.00036.wav,calm
calm\reggae_reggae.00037.wav,calm
calm\reggae_reggae.00038.wav,calm
calm\reggae_reggae.00039.wav,calm
calm\reggae_reggae.00040.wav,calm
calm\reggae_reggae.00041.wav,calm
calm\reggae_reggae.00042.wav,calm
calm\reggae_reggae.00043.wav,calm
calm\reggae_reggae.00044.wav,calm
calm\reggae_reggae.00045.wav,calm
calm\reggae_reggae.00046.wav,calm
calm\reggae_reggae.00047.wav,calm
calm\reggae_reggae.00048.wav,calm
calm\reggae_reggae.00049.wav,calm
calm\reggae_reggae.00050.wav,calm
calm\reggae_reggae.00051.wav,calm
calm\reggae_reggae.00052.wav,calm
calm\reggae_reggae.00053.wav,calm
calm\reggae_reggae.00054.wav,calm
calm\reggae_reggae.00055.wav,calm
calm\reggae_reggae.00056.wav,calm
calm\reggae_reggae.00057.wav,calm
calm\reggae_reggae.00058.wav,calm
calm\reggae_reggae.00059.wav,calm
calm\reggae_reggae.00060.wav,calm
calm\reggae_reggae.00061.wav,calm
calm\reggae_reggae.00062.wav,calm
calm\reggae_reggae.00063.wav,calm
calm\reggae_reggae.00064.wav,calm
calm\reggae_reggae.00065.wav,calm
calm\reggae_reggae.00066.wav,calm
calm\reggae_reggae.00067.wav,calm
calm\reggae_reggae.00068.wav,calm
calm\reggae_reggae.00069.wav,calm
calm\reggae_reggae.00070.wav,calm
calm\reggae_reggae.00071.wav,calm
calm\reggae_reggae.00072.wav,calm
calm\reggae_reggae.00073.wav,calm
calm\reggae_reggae.00074.wav,calm
calm\reggae_reggae.00075.wav,calm
calm\reggae_reggae.00076.wav,calm
calm\reggae_reggae.00077.wav,calm
calm\reggae_reggae.00078.wav,calm
calm\reggae_reggae.00079.wav,calm
calm\reggae_reggae.00080.wav,calm
calm\reggae_reggae.00081.wav,calm
calm\reggae_reggae.00082.wav,calm
calm\reggae_reggae.00083.wav,calm
calm\reggae_reggae.00084.wav,calm
calm\reggae_reggae.00085.wav,calm
calm\reggae_reggae.00086.wav,calm
calm\reggae_reggae.00087.wav,calm
calm\reggae_reggae.00088.wav,calm
calm\reggae_reggae.00089.wav,calm
calm\reggae_reggae.00090.wav,calm
calm\reggae_reggae.00091.wav,calm
calm\reggae_reggae.00092.wav,calm
calm\reggae_reggae.00093.wav,calm
calm\reggae_reggae.00094.wav,calm
calm\reggae_reggae.00095.wav,calm
calm\reggae_reggae.00096.wav,calm
calm\reggae_reggae.00097.wav,calm
calm\reggae_reggae.00098.wav,calm
calm\reggae_reggae.00099.wav,calm
energetic\hiphop_hiphop.00000.wav,energetic
energetic\hiphop_hiphop.00001.wav,energetic
energetic\hiphop_hiphop.00002.wav,energetic
energetic\hiphop_hiphop.00003.wav,energetic
energetic\hiphop_hiphop.00004.wav,energetic
energetic\hiphop_hiphop.00005.wav,energetic
energetic\hiphop_hiphop.00006.wav,energetic
energetic\hiphop_hiphop.00007.wav,energetic
energetic\hiphop_hiphop.00008.wav,energetic
energetic\hiphop_hiphop.00009.wav,energetic
energetic\hiphop_hiphop.00010.wav,energetic
energetic\hiphop_hiphop.00011.wav,energetic
energetic\hiphop_hiphop.00012.wav,energetic
energetic\hiphop_hiphop.00013.wav,energetic
energetic\hiphop_hiphop.00014.wav,energetic
energetic\hiphop_hiphop.00015.wav,energetic
energetic\hiphop_hiphop.00016.wav,energetic
energetic\hiphop_hiphop.00017.wav,energetic
energetic\hiphop_hiphop.00018.wav,energetic
energetic\hiphop_hiphop.00019.wav,energetic
energetic\hiphop_hiphop.00020.wav,energetic
energetic\hiphop_hiphop.00021.wav,energetic
energetic\hiphop_hiphop.00022.wav,energetic
energetic\hiphop_hiphop.00023.wav,energetic
energetic\hiphop_hiphop.00024.wav,energetic
energetic\hiphop_hiphop.00025.wav,energetic
energetic\hiphop_hiphop.00026.wav,energetic
energetic\hiphop_hiphop.00027.wav,energetic
energetic\hiphop_hiphop.00028.wav,energetic
energetic\hiphop_hiphop.00029.wav,energetic
energetic\hiphop_hiphop.00030.wav,energetic
energetic\hiphop_hiphop.00031.wav,energetic
energetic\hiphop_hiphop.00032.wav,energetic
energetic\hiphop_hiphop.00033.wav,energetic
energetic\hiphop_hiphop.00034.wav,energetic
energetic\hiphop_hiphop.00035.wav,energetic
energetic\hiphop_hiphop.00036.wav,energetic
energetic\hiphop_hiphop.00037.wav,energetic
energetic\hiphop_hiphop.00038.wav,energetic
energetic\hiphop_hiphop.00039.wav,energetic
energetic\hiphop_hiphop.00040.wav,energetic
energetic\hiphop_hiphop.00041.wav,energetic
energetic\hiphop_hiphop.00042.wav,energetic
energetic\hiphop_hiphop.00043.wav,energetic
energetic\hiphop_hiphop.00044.wav,energetic
energetic\hiphop_hiphop.00045.wav,energetic
energetic\hiphop_hiphop.00046.wav,energetic
energetic\hiphop_hiphop.00047.wav,energetic
energetic\hiphop_hiphop.00048.wav,energetic
energetic\hiphop_hiphop.00049.wav,energetic
energetic\hiphop_hiphop.00050.wav,energetic
energetic\hiphop_hiphop.00051.wav,energetic
energetic\hiphop_hiphop.00052.wav,energetic
energetic\hiphop_hiphop.00053.wav,energetic
energetic\hiphop_hiphop.00054.wav,energetic
energetic\hiphop_hiphop.00055.wav,energetic
energetic\hiphop_hiphop.00056.wav,energetic
energetic\hiphop_hiphop.00057.wav,energetic
energetic\hiphop_hiphop.00058.wav,energetic
energetic\hiphop_hiphop.00059.wav,energetic
energetic\hiphop_hiphop.00060.wav,energetic
energetic\hiphop_hiphop.00061.wav,energetic
energetic\hiphop_hiphop.00062.wav,energetic
energetic\hiphop_hiphop.00063.wav,energetic
energetic\hiphop_hiphop.00064.wav,energetic
energetic\hiphop_hiphop.00065.wav,energetic
energetic\hiphop_hiphop.00066.wav,energetic
energetic\hiphop_hiphop.00067.wav,energetic
energetic\hiphop_hiphop.00068.wav,energetic
energetic\hiphop_hiphop.00069.wav,energetic
energetic\hiphop_hiphop.00070.wav,energetic
energetic\hiphop_hiphop.00071.wav,energetic
energetic\hiphop_hiphop.00072.wav,energetic
energetic\hiphop_hiphop.00073.wav,energetic
energetic\hiphop_hiphop.00074.wav,energetic
energetic\hiphop_hiphop.00075.wav,energetic
energetic\hiphop_hiphop.00076.wav,energetic
energetic\hiphop_hiphop.00077.wav,energetic
energetic\hiphop_hiphop.00078.wav,energetic
energetic\hiphop_hiphop.00079.wav,energetic
energetic\hiphop_hiphop.00080.wav,energetic
energetic\hiphop_hiphop.00081.wav,energetic
energetic\hiphop_hiphop.00082.wav,energetic
energetic\hiphop_hiphop.00083.wav,energetic
energetic\hiphop_hiphop.00084.wav,energetic
energetic\hiphop_hiphop.00085.wav,energetic
energetic\hiphop_hiphop.00086.wav,energetic
energetic\hiphop_hiphop.00087.wav,energetic
energetic\hiphop_hiphop.00088.wav,energetic
energetic\hiphop_hiphop.00089.wav,energetic
energetic\hiphop_hiphop.00090.wav,energetic
energetic\hiphop_hiphop.00091.wav,energetic
energetic\hiphop_hiphop.00092.wav,energetic
energetic\hiphop_hiphop.00093.wav,energetic
energetic\hiphop_hiphop.00094.wav,energetic
energetic\hiphop_hiphop.00095.wav,energetic
energetic\hiphop_hiphop.00096.wav,energetic
energetic\hiphop_hiphop.00097.wav,energetic
energetic\hiphop_hiphop.00098.wav,energetic
energetic\hiphop_hiphop.00099.wav,energetic
energetic\metal_metal.00000.wav,energetic
energetic\metal_metal.00001.wav,energetic
energetic\metal_metal.00002.wav,energetic
energetic\metal_metal.00003.wav,energetic
energetic\metal_metal.00004.wav,energetic
energetic\metal_metal.00005.wav,energetic
energetic\metal_metal.00006.wav,energetic
energetic\metal_metal.00007.wav,energetic
energetic\metal_metal.00008.wav,energetic
energetic\metal_metal.00009.wav,energetic
energetic\metal_metal.00010.wav,energetic
energetic\metal_metal.00011.wav,energetic
energetic\metal_metal.00012.wav,energetic
energetic\metal_metal.00013.wav,energetic
energetic\metal_metal.00014.wav,energetic
energetic\metal_metal.00015.wav,energetic
energetic\metal_metal.00016.wav,energetic
energetic\metal_metal.00017.wav,energetic
energetic\metal_metal.00018.wav,energetic
energetic\metal_metal.00019.wav,energetic
energetic\metal_metal.00020.wav,energetic
energetic\metal_metal.00021.wav,energetic
energetic\metal_metal.00022.wav,energetic
energetic\metal_metal.00023.wav,energetic
energetic\metal_metal.00024.wav,energetic
energetic\metal_metal.00025.wav,energetic
energetic\metal_metal.00026.wav,energetic
energetic\metal_metal.00027.wav,energetic
energetic\metal_metal.00028.wav,energetic
energetic\metal_metal.00029.wav,energetic
energetic\metal_metal.00030.wav,energetic
energetic\metal_metal.00031.wav,energetic
energetic\metal_metal.00032.wav,energetic
energetic\metal_metal.00033.wav,energetic
energetic\metal_metal.00034.wav,energetic
energetic\metal_metal.00035.wav,energetic
energetic\metal_metal.00036.wav,energetic
energetic\metal_metal.00037.wav,energetic
energetic\metal_metal.00038.wav,energetic
energetic\metal_metal.00039.wav,energetic
energetic\metal_metal.00040.wav,energetic
energetic\metal_metal.00041.wav,energetic
energetic\metal_metal.00042.wav,energetic
energetic\metal_metal.00043.wav,energetic
energetic\metal_metal.00044.wav,energetic
energetic\metal_metal.00045.wav,energetic
energetic\metal_metal.00046.wav,energetic
energetic\metal_metal.00047.wav,energetic
energetic\metal_metal.00048.wav,energetic
energetic\metal_metal.00049.wav,energetic
energetic\metal_metal.00050.wav,energetic
energetic\metal_metal.00051.wav,energetic
energetic\metal_metal.00052.wav,energetic
energetic\metal_metal.00053.wav,energetic
energetic\metal_metal.00054.wav,energetic
energetic\metal_metal.00055.wav,energetic
energetic\metal_metal.00056.wav,energetic
energetic\metal_metal.00057.wav,energetic
energetic\metal_metal.00058.wav,energetic
energetic\metal_metal.00059.wav,energetic
energetic\metal_metal.00060.wav,energetic
energetic\metal_metal.00061.wav,energetic
energetic\metal_metal.00062.wav,energetic
energetic\metal_metal.00063.wav,energetic
energetic\metal_metal.00064.wav,energetic
energetic\metal_metal.00065.wav,energetic
energetic\metal_metal.00066.wav,energetic
energetic\metal_metal.00067.wav,energetic
energetic\metal_metal.00068.wav,energetic
energetic\metal_metal.00069.wav,energetic
energetic\metal_metal.00070.wav,energetic
energetic\metal_metal.00071.wav,energetic
energetic\metal_metal.00072.wav,energetic
energetic\metal_metal.00073.wav,energetic
energetic\metal_metal.00074.wav,energetic
energetic\metal_metal.00075.wav,energetic
energetic\metal_metal.00076.wav,energetic
energetic\metal_metal.00077.wav,energetic
energetic\metal_metal.00078.wav,energetic
energetic\metal_metal.00079.wav,energetic
energetic\metal_metal.00080.wav,energetic
energetic\metal_metal.00081.wav,energetic
energetic\metal_metal.00082.wav,energetic
energetic\metal_metal.00083.wav,energetic
energetic\metal_metal.00084.wav,energetic
energetic\metal_metal.00085.wav,energetic
energetic\metal_metal.00086.wav,energetic
energetic\metal_metal.00087.wav,energetic
energetic\metal_metal.00088.wav,energetic
energetic\metal_metal.00089.wav,energetic
energetic\metal_metal.00090.wav,energetic
energetic\metal_metal.00091.wav,energetic
energetic\metal_metal.00092.wav,energetic
energetic\metal_metal.00093.wav,energetic
energetic\metal_metal.00094.wav,energetic
energetic\metal_metal.00095.wav,energetic
energetic\metal_metal.00096.wav,energetic
energetic\metal_metal.00097.wav,energetic
energetic\metal_metal.00098.wav,energetic
energetic\metal_metal.00099.wav,energetic
energetic\rock_rock.00000.wav,energetic
energetic\rock_rock.00001.wav,energetic
energetic\rock_rock.00002.wav,energetic
energetic\rock_rock.00003.wav,energetic
energetic\rock_rock.00004.wav,energetic
energetic\rock_rock.00005.wav,energetic
energetic\rock_rock.00006.wav,energetic
energetic\rock_rock.00007.wav,energetic
energetic\rock_rock.00008.wav,energetic
energetic\rock_rock.00009.wav,energetic
energetic\rock_rock.00010.wav,energetic
energetic\rock_rock.00011.wav,energetic
energetic\rock_rock.00012.wav,energetic
energetic\rock_rock.00013.wav,energetic
energetic\rock_rock.00014.wav,energetic
energetic\rock_rock.00015.wav,energetic
energetic\rock_rock.00016.wav,energetic
energetic\rock_rock.00017.wav,energetic
energetic\rock_rock.00018.wav,energetic
energetic\rock_rock.00019.wav,energetic
energetic\rock_rock.00020.wav,energetic
energetic\rock_rock.00021.wav,energetic
energetic\rock_rock.00022.wav,energetic
energetic\rock_rock.00023.wav,energetic
energetic\rock_rock.00024.wav,energetic
energetic\rock_rock.00025.wav,energetic
energetic\rock_rock.00026.wav,energetic
energetic\rock_rock.00027.wav,energetic
energetic\rock_rock.00028.wav,energetic
energetic\rock_rock.00029.wav,energetic
energetic\rock_rock.00030.wav,energetic
energetic\rock_rock.00031.wav,energetic
energetic\rock_rock.00032.wav,energetic
energetic\rock_rock.00033.wav,energetic
energetic\rock_rock.00034.wav,energetic
energetic\rock_rock.00035.wav,energetic
energetic\rock_rock.00036.wav,energetic
energetic\rock_rock.00037.wav,energetic
energetic\rock_rock.00038.wav,energetic
energetic\rock_rock.00039.wav,energetic
energetic\rock_rock.00040.wav,energetic
energetic\rock_rock.00041.wav,energetic
energetic\rock_rock.00042.wav,energetic
energetic\rock_rock.00043.wav,energetic
energetic\rock_rock.00044.wav,energetic
energetic\rock_rock.00045.wav,energetic
energetic\rock_rock.00046.wav,energetic
energetic\rock_rock.00047.wav,energetic
energetic\rock_rock.00048.wav,energetic
energetic\rock_rock.00049.wav,energetic
energetic\rock_rock.00050.wav,energetic
energetic\rock_rock.00051.wav,energetic
energetic\rock_rock.00052.wav,energetic
energetic\rock_rock.00053.wav,energetic
energetic\rock_rock.00054.wav,energetic
energetic\rock_rock.00055.wav,energetic
energetic\rock_rock.00056.wav,energetic
energetic\rock_rock.00057.wav,energetic
energetic\rock_rock.00058.wav,energetic
energetic\rock_rock.00059.wav,energetic
energetic\rock_rock.00060.wav,energetic
energetic\rock_rock.00061.wav,energetic
energetic\rock_rock.00062.wav,energetic
energetic\rock_rock.00063.wav,energetic
energetic\rock_rock.00064.wav,energetic
energetic\rock_rock.00065.wav,energetic
energetic\rock_rock.00066.wav,energetic
energetic\rock_rock.00067.wav,energetic
energetic\rock_rock.00068.wav,energetic
energetic\rock_rock.00069.wav,energetic
energetic\rock_rock.00070.wav,energetic
energetic\rock_rock.00071.wav,energetic
energetic\rock_rock.00072.wav,energetic
energetic\rock_rock.00073.wav,energetic
energetic\rock_rock.00074.wav,energetic
energetic\rock_rock.00075.wav,energetic
energetic\rock_rock.00076.wav,energetic
energetic\rock_rock.00077.wav,energetic
energetic\rock_rock.00078.wav,energetic
energetic\rock_rock.00079.wav,energetic
energetic\rock_rock.00080.wav,energetic
energetic\rock_rock.00081.wav,energetic
energetic\rock_rock.00082.wav,energetic
energetic\rock_rock.00083.wav,energetic
energetic\rock_rock.00084.wav,energetic
energetic\rock_rock.00085.wav,energetic
energetic\rock_rock.00086.wav,energetic
energetic\rock_rock.00087.wav,energetic
energetic\rock_rock.00088.wav,energetic
energetic\rock_rock.00089.wav,energetic
energetic\rock_rock.00090.wav,energetic
energetic\rock_rock.00091.wav,energetic
energetic\rock_rock.00092.wav,energetic
energetic\rock_rock.00093.wav,energetic
energetic\rock_rock.00094.wav,energetic
energetic\rock_rock.00095.wav,energetic
energetic\rock_rock.00096.wav,energetic
energetic\rock_rock.00097.wav,energetic
energetic\rock_rock.00098.wav,energetic
energetic\rock_rock.00099.wav,energetic
happy\disco_disco.00000.wav,happy
happy\disco_disco.00001.wav,happy
happy\disco_disco.00002.wav,happy
happy\disco_disco.00003.wav,happy
happy\disco_disco.00004.wav,happy
happy\disco_disco.00005.wav,happy
happy\disco_disco.00006.wav,happy
happy\disco_disco.00007.wav,happy
happy\disco_disco.00008.wav,happy
happy\disco_disco.00009.wav,happy
happy\disco_disco.00010.wav,happy
happy\disco_disco.00011.wav,happy
happy\disco_disco.00012.wav,happy
happy\disco_disco.00013.wav,happy
happy\disco_disco.00014.wav,happy
happy\disco_disco.00015.wav,happy
happy\disco_disco.00016.wav,happy
happy\disco_disco.00017.wav,happy
happy\disco_disco.00018.wav,happy
happy\disco_disco.00019.wav,happy
happy\disco_disco.00020.wav,happy
happy\disco_disco.00021.wav,happy
happy\disco_disco.00022.wav,happy
happy\disco_disco.00023.wav,happy
happy\disco_disco.00024.wav,happy
happy\disco_disco.00025.wav,happy
happy\disco_disco.00026.wav,happy
happy\disco_disco.00027.wav,happy
happy\disco_disco.00028.wav,happy
happy\disco_disco.00029.wav,happy
happy\disco_disco.00030.wav,happy
happy\disco_disco.00031.wav,happy
happy\disco_disco.00032.wav,happy
happy\disco_disco.00033.wav,happy
happy\disco_disco.00034.wav,happy
happy\disco_disco.00035.wav,happy
happy\disco_disco.00036.wav,happy
happy\disco_disco.00037.wav,happy
happy\disco_disco.00038.wav,happy
happy\disco_disco.00039.wav,happy
happy\disco_disco.00040.wav,happy
happy\disco_disco.00041.wav,happy
happy\disco_disco.00042.wav,happy
happy\disco_disco.00043.wav,happy
happy\disco_disco.00044.wav,happy
happy\disco_disco.00045.wav,happy
happy\disco_disco.00046.wav,happy
happy\disco_disco.00047.wav,happy
happy\disco_disco.00048.wav,happy
happy\disco_disco.00049.wav,happy
happy\disco_disco.00050.wav,happy
happy\disco_disco.00051.wav,happy
happy\disco_disco.00052.wav,happy
happy\disco_disco.00053.wav,happy
happy\disco_disco.00054.wav,happy
happy\disco_disco.00055.wav,happy
happy\disco_disco.00056.wav,happy
happy\disco_disco.00057.wav,happy
happy\disco_disco.00058.wav,happy
happy\disco_disco.00059.wav,happy
happy\disco_disco.00060.wav,happy
happy\disco_disco.00061.wav,happy
happy\disco_disco.00062.wav,happy
happy\disco_disco.00063.wav,happy
happy\disco_disco.00064.wav,happy
happy\disco_disco.00065.wav,happy
happy\disco_disco.00066.wav,happy
happy\disco_disco.00067.wav,happy
happy\disco_disco.00068.wav,happy
happy\disco_disco.00069.wav,happy
happy\disco_disco.00070.wav,happy
happy\disco_disco.00071.wav,happy
happy\disco_disco.00072.wav,happy
happy\disco_disco.00073.wav,happy
happy\disco_disco.00074.wav,happy
happy\disco_disco.00075.wav,happy
happy\disco_disco.00076.wav,happy
happy\disco_disco.00077.wav,happy
happy\disco_disco.00078.wav,happy
happy\disco_disco.00079.wav,happy
happy\disco_disco.00080.wav,happy
happy\disco_disco.00081.wav,happy
happy\disco_disco.00082.wav,happy
happy\disco_disco.00083.wav,happy
happy\disco_disco.00084.wav,happy
happy\disco_disco.00085.wav,happy
happy\disco_disco.00086.wav,happy
happy\disco_disco.00087.wav,happy
happy\disco_disco.00088.wav,happy
happy\disco_disco.00089.wav,happy
happy\disco_disco.00090.wav,happy
happy\disco_disco.00091.wav,happy
happy\disco_disco.00092.wav,happy
happy\disco_disco.00093.wav,happy
happy\disco_disco.00094.wav,happy
happy\disco_disco.00095.wav,happy
happy\disco_disco.00096.wav,happy
happy\disco_disco.00097.wav,happy
happy\disco_disco.00098.wav,happy
happy\disco_disco.00099.wav,happy
happy\pop_pop.00000.wav,happy
happy\pop_pop.00001.wav,happy
happy\pop_pop.00002.wav,happy
happy\pop_pop.00003.wav,happy
happy\pop_pop.00004.wav,happy
happy\pop_pop.00005.wav,happy
happy\pop_pop.00006.wav,happy
happy\pop_pop.00007.wav,happy
happy\pop_pop.00008.wav,happy
happy\pop_pop.00009.wav,happy
happy\pop_pop.00010.wav,happy
happy\pop_pop.00011.wav,happy
happy\pop_pop.00012.wav,happy
happy\pop_pop.00013.wav,happy
happy\pop_pop.00014.wav,happy
happy\pop_pop.00015.wav,happy
happy\pop_pop.00016.wav,happy
happy\pop_pop.00017.wav,happy
happy\pop_pop.00018.wav,happy
happy\pop_pop.00019.wav,happy
happy\pop_pop.00020.wav,happy
happy\pop_pop.00021.wav,happy
happy\pop_pop.00022.wav,happy
happy\pop_pop.00023.wav,happy
happy\pop_pop.00024.wav,happy
happy\pop_pop.00025.wav,happy
happy\pop_pop.00026.wav,happy
happy\pop_pop.00027.wav,happy
happy\pop_pop.00028.wav,happy
happy\pop_pop.00029.wav,happy
happy\pop_pop.00030.wav,happy
happy\pop_pop.00031.wav,happy
happy\pop_pop.00032.wav,happy
happy\pop_pop.00033.wav,happy
happy\pop_pop.00034.wav,happy
happy\pop_pop.00035.wav,happy
happy\pop_pop.00036.wav,happy
happy\pop_pop.00037.wav,happy
happy\pop_pop.00038.wav,happy
happy\pop_pop.00039.wav,happy
happy\pop_pop.00040.wav,happy
happy\pop_pop.00041.wav,happy
happy\pop_pop.00042.wav,happy
happy\pop_pop.00043.wav,happy
happy\pop_pop.00044.wav,happy
happy\pop_pop.00045.wav,happy
happy\pop_pop.00046.wav,happy
happy\pop_pop.00047.wav,happy
happy\pop_pop.00048.wav,happy
happy\pop_pop.00049.wav,happy
happy\pop_pop.00050.wav,happy
happy\pop_pop.00051.wav,happy
happy\pop_pop.00052.wav,happy
happy\pop_pop.00053.wav,happy
happy\pop_pop.00054.wav,happy
happy\pop_pop.00055.wav,happy
happy\pop_pop.00056.wav,happy
happy\pop_pop.00057.wav,happy
happy\pop_pop.00058.wav,happy
happy\pop_pop.00059.wav,happy
happy\pop_pop.00060.wav,happy
happy\pop_pop.00061.wav,happy
happy\pop_pop.00062.wav,happy
happy\pop_pop.00063.wav,happy
happy\pop_pop.00064.wav,happy
happy\pop_pop.00065.wav,happy
happy\pop_pop.00066.wav,happy
happy\pop_pop.00067.wav,happy
happy\pop_pop.00068.wav,happy
happy\pop_pop.00069.wav,happy
happy\pop_pop.00070.wav,happy
happy\pop_pop.00071.wav,happy
happy\pop_pop.00072.wav,happy
happy\pop_pop.00073.wav,happy
happy\pop_pop.00074.wav,happy
happy\pop_pop.00075.wav,happy
happy\pop_pop.00076.wav,happy
happy\pop_pop.00077.wav,happy
happy\pop_pop.00078.wav,happy
happy\pop_pop.00079.wav,happy
happy\pop_pop.00080.wav,happy
happy\pop_pop.00081.wav,happy
happy\pop_pop.00082.wav,happy
happy\pop_pop.00083.wav,happy
happy\pop_pop.00084.wav,happy
happy\pop_pop.00085.wav,happy
happy\pop_pop.00086.wav,happy
happy\pop_pop.00087.wav,happy
happy\pop_pop.00088.wav,happy
happy\pop_pop.00089.wav,happy
happy\pop_pop.00090.wav,happy
happy\pop_pop.00091.wav,happy
happy\pop_pop.00092.wav,happy
happy\pop_pop.00093.wav,happy
happy\pop_pop.00094.wav,happy
happy\pop_pop.00095.wav,happy
happy\pop_pop.00096.wav,happy
happy\pop_pop.00097.wav,happy
happy\pop_pop.00098.wav,happy
happy\pop_pop.00099.wav,happy
melancholic\blues_blues.00000.wav,melancholic
melancholic\blues_blues.00001.wav,melancholic
melancholic\blues_blues.00002.wav,melancholic
melancholic\blues_blues.00003.wav,melancholic
melancholic\blues_blues.00004.wav,melancholic
melancholic\blues_blues.00005.wav,melancholic
melancholic\blues_blues.00006.wav,melancholic
melancholic\blues_blues.00007.wav,melancholic
melancholic\blues_blues.00008.wav,melancholic
melancholic\blues_blues.00009.wav,melancholic
melancholic\blues_blues.00010.wav,melancholic
melancholic\blues_blues.00011.wav,melancholic
melancholic\blues_blues.00012.wav,melancholic
melancholic\blues_blues.00013.wav,melancholic
melancholic\blues_blues.00014.wav,melancholic
melancholic\blues_blues.00015.wav,melancholic
melancholic\blues_blues.00016.wav,melancholic
melancholic\blues_blues.00017.wav,melancholic
melancholic\blues_blues.00018.wav,melancholic
melancholic\blues_blues.00019.wav,melancholic
melancholic\blues_blues.00020.wav,melancholic
melancholic\blues_blues.00021.wav,melancholic
melancholic\blues_blues.00022.wav,melancholic
melancholic\blues_blues.00023.wav,melancholic
melancholic\blues_blues.00024.wav,melancholic
melancholic\blues_blues.00025.wav,melancholic
melancholic\blues_blues.00026.wav,melancholic
melancholic\blues_blues.00027.wav,melancholic
melancholic\blues_blues.00028.wav,melancholic
melancholic\blues_blues.00029.wav,melancholic
melancholic\blues_blues.00030.wav,melancholic
melancholic\blues_blues.00031.wav,melancholic
melancholic\blues_blues.00032.wav,melancholic
melancholic\blues_blues.00033.wav,melancholic
melancholic\blues_blues.00034.wav,melancholic
melancholic\blues_blues.00035.wav,melancholic
melancholic\blues_blues.00036.wav,melancholic
melancholic\blues_blues.00037.wav,melancholic
melancholic\blues_blues.00038.wav,melancholic
melancholic\blues_blues.00039.wav,melancholic
melancholic\blues_blues.00040.wav,melancholic
melancholic\blues_blues.00041.wav,melancholic
melancholic\blues_blues.00042.wav,melancholic
melancholic\blues_blues.00043.wav,melancholic
melancholic\blues_blues.00044.wav,melancholic
melancholic\blues_blues.00045.wav,melancholic
melancholic\blues_blues.00046.wav,melancholic
melancholic\blues_blues.00047.wav,melancholic
melancholic\blues_blues.00048.wav,melancholic
melancholic\blues_blues.00049.wav,melancholic
melancholic\blues_blues.00050.wav,melancholic
melancholic\blues_blues.00051.wav,melancholic
melancholic\blues_blues.00052.wav,melancholic
melancholic\blues_blues.00053.wav,melancholic
melancholic\blues_blues.00054.wav,melancholic
melancholic\blues_blues.00055.wav,melancholic
melancholic\blues_blues.00056.wav,melancholic
melancholic\blues_blues.00057.wav,melancholic
melancholic\blues_blues.00058.wav,melancholic
melancholic\blues_blues.00059.wav,melancholic
melancholic\blues_blues.00060.wav,melancholic
melancholic\blues_blues.00061.wav,melancholic
melancholic\blues_blues.00062.wav,melancholic
melancholic\blues_blues.00063.wav,melancholic
melancholic\blues_blues.00064.wav,melancholic
melancholic\blues_blues.00065.wav,melancholic
melancholic\blues_blues.00066.wav,melancholic
melancholic\blues_blues.00067.wav,melancholic
melancholic\blues_blues.00068.wav,melancholic
melancholic\blues_blues.00069.wav,melancholic
melancholic\blues_blues.00070.wav,melancholic
melancholic\blues_blues.00071.wav,melancholic
melancholic\blues_blues.00072.wav,melancholic
melancholic\blues_blues.00073.wav,melancholic
melancholic\blues_blues.00074.wav,melancholic
melancholic\blues_blues.00075.wav,melancholic
melancholic\blues_blues.00076.wav,melancholic
melancholic\blues_blues.00077.wav,melancholic
melancholic\blues_blues.00078.wav,melancholic
melancholic\blues_blues.00079.wav,melancholic
melancholic\blues_blues.00080.wav,melancholic
melancholic\blues_blues.00081.wav,melancholic
melancholic\blues_blues.00082.wav,melancholic
melancholic\blues_blues.00083.wav,melancholic
melancholic\blues_blues.00084.wav,melancholic
melancholic\blues_blues.00085.wav,melancholic
melancholic\blues_blues.00086.wav,melancholic
melancholic\blues_blues.00087.wav,melancholic
melancholic\blues_blues.00088.wav,melancholic
melancholic\blues_blues.00089.wav,melancholic
melancholic\blues_blues.00090.wav,melancholic
melancholic\blues_blues.00091.wav,melancholic
melancholic\blues_blues.00092.wav,melancholic
melancholic\blues_blues.00093.wav,melancholic
melancholic\blues_blues.00094.wav,melancholic
melancholic\blues_blues.00095.wav,melancholic
melancholic\blues_blues.00096.wav,melancholic
melancholic\blues_blues.00097.wav,melancholic
melancholic\blues_blues.00098.wav,melancholic
melancholic\blues_blues.00099.wav,melancholic
melancholic\country_country.00000.wav,melancholic
melancholic\country_country.00001.wav,melancholic
melancholic\country_country.00002.wav,melancholic
melancholic\country_country.00003.wav,melancholic
melancholic\country_country.00004.wav,melancholic
melancholic\country_country.00005.wav,melancholic
melancholic\country_country.00006.wav,melancholic
melancholic\country_country.00007.wav,melancholic
melancholic\country_country.00008.wav,melancholic
melancholic\country_country.00009.wav,melancholic
melancholic\country_country.00010.wav,melancholic
melancholic\country_country.00011.wav,melancholic
melancholic\country_country.00012.wav,melancholic
melancholic\country_country.00013.wav,melancholic
melancholic\country_country.00014.wav,melancholic
melancholic\country_country.00015.wav,melancholic
melancholic\country_country.00016.wav,melancholic
melancholic\country_country.00017.wav,melancholic
melancholic\country_country.00018.wav,melancholic
melancholic\country_country.00019.wav,melancholic
melancholic\country_country.00020.wav,melancholic
melancholic\country_country.00021.wav,melancholic
melancholic\country_country.00022.wav,melancholic
melancholic\country_country.00023.wav,melancholic
melancholic\country_country.00024.wav,melancholic
melancholic\country_country.00025.wav,melancholic
melancholic\country_country.00026.wav,melancholic
melancholic\country_country.00027.wav,melancholic
melancholic\country_country.00028.wav,melancholic
melancholic\country_country.00029.wav,melancholic
melancholic\country_country.00030.wav,melancholic
melancholic\country_country.00031.wav,melancholic
melancholic\country_country.00032.wav,melancholic
melancholic\country_country.00033.wav,melancholic
melancholic\country_country.00034.wav,melancholic
melancholic\country_country.00035.wav,melancholic
melancholic\country_country.00036.wav,melancholic
melancholic\country_country.00037.wav,melancholic
melancholic\country_country.00038.wav,melancholic
melancholic\country_country.00039.wav,melancholic
melancholic\country_country.00040.wav,melancholic
melancholic\country_country.00041.wav,melancholic
melancholic\country_country.00042.wav,melancholic
melancholic\country_country.00043.wav,melancholic
melancholic\country_country.00044.wav,melancholic
melancholic\country_country.00045.wav,melancholic
melancholic\country_country.00046.wav,melancholic
melancholic\country_country.00047.wav,melancholic
melancholic\country_country.00048.wav,melancholic
melancholic\country_country.00049.wav,melancholic
melancholic\country_country.00050.wav,melancholic
melancholic\country_country.00051.wav,melancholic
melancholic\country_country.00052.wav,melancholic
melancholic\country_country.00053.wav,melancholic
melancholic\country_country.00054.wav,melancholic
melancholic\country_country.00055.wav,melancholic
melancholic\country_country.00056.wav,melancholic
melancholic\country_country.00057.wav,melancholic
melancholic\country_country.00058.wav,melancholic
melancholic\country_country.00059.wav,melancholic
melancholic\country_country.00060.wav,melancholic
melancholic\country_country.00061.wav,melancholic
melancholic\country_country.00062.wav,melancholic
melancholic\country_country.00063.wav,melancholic
melancholic\country_country.00064.wav,melancholic
melancholic\country_country.00065.wav,melancholic
melancholic\country_country.00066.wav,melancholic
melancholic\country_country.00067.wav,melancholic
melancholic\country_country.00068.wav,melancholic
melancholic\country_country.00069.wav,melancholic
melancholic\country_country.00070.wav,melancholic
melancholic\country_country.00071.wav,melancholic
melancholic\country_country.00072.wav,melancholic
melancholic\country_country.00073.wav,melancholic
melancholic\country_country.00074.wav,melancholic
melancholic\country_country.00075.wav,melancholic
melancholic\country_country.00076.wav,melancholic
melancholic\country_country.00077.wav,melancholic
melancholic\country_country.00078.wav,melancholic
melancholic\country_country.00079.wav,melancholic
melancholic\country_country.00080.wav,melancholic
melancholic\country_country.00081.wav,melancholic
melancholic\country_country.00082.wav,melancholic
melancholic\country_country.00083.wav,melancholic
melancholic\country_country.00084.wav,melancholic
melancholic\country_country.00085.wav,melancholic
melancholic\country_country.00086.wav,melancholic
melancholic\country_country.00087.wav,melancholic
melancholic\country_country.00088.wav,melancholic
melancholic\country_country.00089.wav,melancholic
melancholic\country_country.00090.wav,melancholic
melancholic\country_country.00091.wav,melancholic
melancholic\country_country.00092.wav,melancholic
melancholic\country_country.00093.wav,melancholic
melancholic\country_country.00094.wav,melancholic
melancholic\country_country.00095.wav,melancholic
melancholic\country_country.00096.wav,melancholic
melancholic\country_country.00097.wav,melancholic
melancholic\country_country.00098.wav,melancholic
melancholic\country_country.00099.wav,melancholic
