original_file,genre,emotion,segment_id,start_time,end_time,duration
../data/raw/rock/rock_rock.00000.wav,rock,energetic,0,0,3,3
../data/raw/rock/rock_rock.00001.wav,rock,energetic,0,0,3,3
../data/raw/rock/rock_rock.00002.wav,rock,energetic,0,0,3,3
../data/raw/rock/rock_rock.00003.wav,rock,energetic,0,0,3,3
../data/raw/rock/rock_rock.00004.wav,rock,energetic,0,0,3,3
../data/raw/rock/rock_rock.00005.wav,rock,energetic,0,0,3,3
../data/raw/rock/rock_rock.00006.wav,rock,energetic,0,0,3,3
../data/raw/rock/rock_rock.00007.wav,rock,energetic,0,0,3,3
../data/raw/rock/rock_rock.00008.wav,rock,energetic,0,0,3,3
../data/raw/rock/rock_rock.00009.wav,rock,energetic,0,0,3,3
../data/raw/rock/rock_rock.00010.wav,rock,energetic,0,0,3,3
../data/raw/rock/rock_rock.00011.wav,rock,energetic,0,0,3,3
../data/raw/rock/rock_rock.00012.wav,rock,energetic,0,0,3,3
../data/raw/rock/rock_rock.00013.wav,rock,energetic,0,0,3,3
../data/raw/rock/rock_rock.00014.wav,rock,energetic,0,0,3,3
../data/raw/rock/rock_rock.00015.wav,rock,energetic,0,0,3,3
../data/raw/rock/rock_rock.00016.wav,rock,energetic,0,0,3,3
../data/raw/rock/rock_rock.00017.wav,rock,energetic,0,0,3,3
../data/raw/rock/rock_rock.00018.wav,rock,energetic,0,0,3,3
../data/raw/rock/rock_rock.00019.wav,rock,energetic,0,0,3,3
../data/raw/rock/rock_rock.00020.wav,rock,energetic,0,0,3,3
../data/raw/rock/rock_rock.00021.wav,rock,energetic,0,0,3,3
../data/raw/rock/rock_rock.00022.wav,rock,energetic,0,0,3,3
../data/raw/rock/rock_rock.00023.wav,rock,energetic,0,0,3,3
../data/raw/rock/rock_rock.00024.wav,rock,energetic,0,0,3,3
../data/raw/rock/rock_rock.00025.wav,rock,energetic,0,0,3,3
../data/raw/rock/rock_rock.00026.wav,rock,energetic,0,0,3,3
../data/raw/rock/rock_rock.00027.wav,rock,energetic,0,0,3,3
../data/raw/rock/rock_rock.00028.wav,rock,energetic,0,0,3,3
../data/raw/rock/rock_rock.00029.wav,rock,energetic,0,0,3,3
../data/raw/rock/rock_rock.00030.wav,rock,energetic,0,0,3,3
../data/raw/rock/rock_rock.00031.wav,rock,energetic,0,0,3,3
../data/raw/rock/rock_rock.00032.wav,rock,energetic,0,0,3,3
../data/raw/rock/rock_rock.00033.wav,rock,energetic,0,0,3,3
../data/raw/rock/rock_rock.00034.wav,rock,energetic,0,0,3,3
../data/raw/rock/rock_rock.00035.wav,rock,energetic,0,0,3,3
../data/raw/rock/rock_rock.00036.wav,rock,energetic,0,0,3,3
../data/raw/rock/rock_rock.00037.wav,rock,energetic,0,0,3,3
../data/raw/rock/rock_rock.00038.wav,rock,energetic,0,0,3,3
../data/raw/rock/rock_rock.00039.wav,rock,energetic,0,0,3,3
../data/raw/rock/rock_rock.00040.wav,rock,energetic,0,0,3,3
../data/raw/rock/rock_rock.00041.wav,rock,energetic,0,0,3,3
../data/raw/rock/rock_rock.00042.wav,rock,energetic,0,0,3,3
../data/raw/rock/rock_rock.00043.wav,rock,energetic,0,0,3,3
../data/raw/rock/rock_rock.00044.wav,rock,energetic,0,0,3,3
../data/raw/rock/rock_rock.00045.wav,rock,energetic,0,0,3,3
../data/raw/rock/rock_rock.00046.wav,rock,energetic,0,0,3,3
../data/raw/rock/rock_rock.00047.wav,rock,energetic,0,0,3,3
../data/raw/rock/rock_rock.00048.wav,rock,energetic,0,0,3,3
../data/raw/rock/rock_rock.00049.wav,rock,energetic,0,0,3,3
../data/raw/rock/rock_rock.00050.wav,rock,energetic,0,0,3,3
../data/raw/rock/rock_rock.00051.wav,rock,energetic,0,0,3,3
../data/raw/rock/rock_rock.00052.wav,rock,energetic,0,0,3,3
../data/raw/rock/rock_rock.00053.wav,rock,energetic,0,0,3,3
../data/raw/rock/rock_rock.00054.wav,rock,energetic,0,0,3,3
../data/raw/rock/rock_rock.00055.wav,rock,energetic,0,0,3,3
../data/raw/rock/rock_rock.00056.wav,rock,energetic,0,0,3,3
../data/raw/rock/rock_rock.00057.wav,rock,energetic,0,0,3,3
../data/raw/rock/rock_rock.00058.wav,rock,energetic,0,0,3,3
../data/raw/rock/rock_rock.00059.wav,rock,energetic,0,0,3,3
../data/raw/rock/rock_rock.00060.wav,rock,energetic,0,0,3,3
../data/raw/rock/rock_rock.00061.wav,rock,energetic,0,0,3,3
../data/raw/metal/metal_metal.00000.wav,metal,energetic,0,0,3,3
../data/raw/metal/metal_metal.00001.wav,metal,energetic,0,0,3,3
../data/raw/metal/metal_metal.00002.wav,metal,energetic,0,0,3,3
../data/raw/metal/metal_metal.00003.wav,metal,energetic,0,0,3,3
../data/raw/metal/metal_metal.00004.wav,metal,energetic,0,0,3,3
../data/raw/metal/metal_metal.00005.wav,metal,energetic,0,0,3,3
../data/raw/metal/metal_metal.00006.wav,metal,energetic,0,0,3,3
../data/raw/metal/metal_metal.00007.wav,metal,energetic,0,0,3,3
../data/raw/metal/metal_metal.00008.wav,metal,energetic,0,0,3,3
../data/raw/metal/metal_metal.00009.wav,metal,energetic,0,0,3,3
../data/raw/metal/metal_metal.00010.wav,metal,energetic,0,0,3,3
../data/raw/metal/metal_metal.00011.wav,metal,energetic,0,0,3,3
../data/raw/metal/metal_metal.00012.wav,metal,energetic,0,0,3,3
../data/raw/metal/metal_metal.00013.wav,metal,energetic,0,0,3,3
../data/raw/metal/metal_metal.00014.wav,metal,energetic,0,0,3,3
../data/raw/metal/metal_metal.00015.wav,metal,energetic,0,0,3,3
../data/raw/metal/metal_metal.00016.wav,metal,energetic,0,0,3,3
../data/raw/metal/metal_metal.00017.wav,metal,energetic,0,0,3,3
../data/raw/metal/metal_metal.00018.wav,metal,energetic,0,0,3,3
../data/raw/metal/metal_metal.00019.wav,metal,energetic,0,0,3,3
../data/raw/metal/metal_metal.00020.wav,metal,energetic,0,0,3,3
../data/raw/metal/metal_metal.00021.wav,metal,energetic,0,0,3,3
../data/raw/metal/metal_metal.00022.wav,metal,energetic,0,0,3,3
../data/raw/metal/metal_metal.00023.wav,metal,energetic,0,0,3,3
../data/raw/metal/metal_metal.00024.wav,metal,energetic,0,0,3,3
../data/raw/metal/metal_metal.00025.wav,metal,energetic,0,0,3,3
../data/raw/metal/metal_metal.00026.wav,metal,energetic,0,0,3,3
../data/raw/metal/metal_metal.00027.wav,metal,energetic,0,0,3,3
../data/raw/metal/metal_metal.00028.wav,metal,energetic,0,0,3,3
../data/raw/metal/metal_metal.00029.wav,metal,energetic,0,0,3,3
../data/raw/metal/metal_metal.00030.wav,metal,energetic,0,0,3,3
../data/raw/metal/metal_metal.00031.wav,metal,energetic,0,0,3,3
../data/raw/metal/metal_metal.00032.wav,metal,energetic,0,0,3,3
../data/raw/metal/metal_metal.00033.wav,metal,energetic,0,0,3,3
../data/raw/metal/metal_metal.00034.wav,metal,energetic,0,0,3,3
../data/raw/metal/metal_metal.00035.wav,metal,energetic,0,0,3,3
../data/raw/metal/metal_metal.00036.wav,metal,energetic,0,0,3,3
../data/raw/metal/metal_metal.00037.wav,metal,energetic,0,0,3,3
../data/raw/metal/metal_metal.00038.wav,metal,energetic,0,0,3,3
../data/raw/metal/metal_metal.00039.wav,metal,energetic,0,0,3,3
../data/raw/metal/metal_metal.00040.wav,metal,energetic,0,0,3,3
../data/raw/metal/metal_metal.00041.wav,metal,energetic,0,0,3,3
../data/raw/metal/metal_metal.00042.wav,metal,energetic,0,0,3,3
../data/raw/metal/metal_metal.00043.wav,metal,energetic,0,0,3,3
../data/raw/metal/metal_metal.00044.wav,metal,energetic,0,0,3,3
../data/raw/metal/metal_metal.00045.wav,metal,energetic,0,0,3,3
../data/raw/metal/metal_metal.00046.wav,metal,energetic,0,0,3,3
../data/raw/metal/metal_metal.00047.wav,metal,energetic,0,0,3,3
../data/raw/metal/metal_metal.00048.wav,metal,energetic,0,0,3,3
../data/raw/metal/metal_metal.00049.wav,metal,energetic,0,0,3,3
../data/raw/metal/metal_metal.00050.wav,metal,energetic,0,0,3,3
../data/raw/metal/metal_metal.00051.wav,metal,energetic,0,0,3,3
../data/raw/metal/metal_metal.00052.wav,metal,energetic,0,0,3,3
../data/raw/metal/metal_metal.00053.wav,metal,energetic,0,0,3,3
../data/raw/metal/metal_metal.00054.wav,metal,energetic,0,0,3,3
../data/raw/metal/metal_metal.00055.wav,metal,energetic,0,0,3,3
../data/raw/metal/metal_metal.00056.wav,metal,energetic,0,0,3,3
../data/raw/metal/metal_metal.00057.wav,metal,energetic,0,0,3,3
../data/raw/metal/metal_metal.00058.wav,metal,energetic,0,0,3,3
../data/raw/metal/metal_metal.00059.wav,metal,energetic,0,0,3,3
../data/raw/metal/metal_metal.00060.wav,metal,energetic,0,0,3,3
../data/raw/metal/metal_metal.00061.wav,metal,energetic,0,0,3,3
../data/raw/disco/disco_disco.00000.wav,disco,energetic,0,0,3,3
../data/raw/disco/disco_disco.00001.wav,disco,energetic,0,0,3,3
../data/raw/disco/disco_disco.00002.wav,disco,energetic,0,0,3,3
../data/raw/disco/disco_disco.00003.wav,disco,energetic,0,0,3,3
../data/raw/disco/disco_disco.00004.wav,disco,energetic,0,0,3,3
../data/raw/disco/disco_disco.00005.wav,disco,energetic,0,0,3,3
../data/raw/disco/disco_disco.00006.wav,disco,energetic,0,0,3,3
../data/raw/disco/disco_disco.00007.wav,disco,energetic,0,0,3,3
../data/raw/disco/disco_disco.00008.wav,disco,energetic,0,0,3,3
../data/raw/disco/disco_disco.00009.wav,disco,energetic,0,0,3,3
../data/raw/disco/disco_disco.00010.wav,disco,energetic,0,0,3,3
../data/raw/disco/disco_disco.00011.wav,disco,energetic,0,0,3,3
../data/raw/disco/disco_disco.00012.wav,disco,energetic,0,0,3,3
../data/raw/disco/disco_disco.00013.wav,disco,energetic,0,0,3,3
../data/raw/disco/disco_disco.00014.wav,disco,energetic,0,0,3,3
../data/raw/disco/disco_disco.00015.wav,disco,energetic,0,0,3,3
../data/raw/disco/disco_disco.00016.wav,disco,energetic,0,0,3,3
../data/raw/disco/disco_disco.00017.wav,disco,energetic,0,0,3,3
../data/raw/disco/disco_disco.00018.wav,disco,energetic,0,0,3,3
../data/raw/disco/disco_disco.00019.wav,disco,energetic,0,0,3,3
../data/raw/disco/disco_disco.00020.wav,disco,energetic,0,0,3,3
../data/raw/disco/disco_disco.00021.wav,disco,energetic,0,0,3,3
../data/raw/disco/disco_disco.00022.wav,disco,energetic,0,0,3,3
../data/raw/disco/disco_disco.00023.wav,disco,energetic,0,0,3,3
../data/raw/disco/disco_disco.00024.wav,disco,energetic,0,0,3,3
../data/raw/disco/disco_disco.00025.wav,disco,energetic,0,0,3,3
../data/raw/disco/disco_disco.00026.wav,disco,energetic,0,0,3,3
../data/raw/disco/disco_disco.00027.wav,disco,energetic,0,0,3,3
../data/raw/disco/disco_disco.00028.wav,disco,energetic,0,0,3,3
../data/raw/disco/disco_disco.00029.wav,disco,energetic,0,0,3,3
../data/raw/disco/disco_disco.00030.wav,disco,energetic,0,0,3,3
../data/raw/disco/disco_disco.00031.wav,disco,energetic,0,0,3,3
../data/raw/disco/disco_disco.00032.wav,disco,energetic,0,0,3,3
../data/raw/disco/disco_disco.00033.wav,disco,energetic,0,0,3,3
../data/raw/disco/disco_disco.00034.wav,disco,energetic,0,0,3,3
../data/raw/disco/disco_disco.00035.wav,disco,energetic,0,0,3,3
../data/raw/disco/disco_disco.00036.wav,disco,energetic,0,0,3,3
../data/raw/disco/disco_disco.00037.wav,disco,energetic,0,0,3,3
../data/raw/disco/disco_disco.00038.wav,disco,energetic,0,0,3,3
../data/raw/disco/disco_disco.00039.wav,disco,energetic,0,0,3,3
../data/raw/disco/disco_disco.00040.wav,disco,energetic,0,0,3,3
../data/raw/disco/disco_disco.00041.wav,disco,energetic,0,0,3,3
../data/raw/disco/disco_disco.00042.wav,disco,energetic,0,0,3,3
../data/raw/disco/disco_disco.00043.wav,disco,energetic,0,0,3,3
../data/raw/disco/disco_disco.00044.wav,disco,energetic,0,0,3,3
../data/raw/disco/disco_disco.00045.wav,disco,energetic,0,0,3,3
../data/raw/disco/disco_disco.00046.wav,disco,energetic,0,0,3,3
../data/raw/disco/disco_disco.00047.wav,disco,energetic,0,0,3,3
../data/raw/disco/disco_disco.00048.wav,disco,energetic,0,0,3,3
../data/raw/disco/disco_disco.00049.wav,disco,energetic,0,0,3,3
../data/raw/disco/disco_disco.00050.wav,disco,energetic,0,0,3,3
../data/raw/disco/disco_disco.00051.wav,disco,energetic,0,0,3,3
../data/raw/disco/disco_disco.00052.wav,disco,energetic,0,0,3,3
../data/raw/disco/disco_disco.00053.wav,disco,energetic,0,0,3,3
../data/raw/disco/disco_disco.00054.wav,disco,energetic,0,0,3,3
../data/raw/disco/disco_disco.00055.wav,disco,energetic,0,0,3,3
../data/raw/disco/disco_disco.00056.wav,disco,energetic,0,0,3,3
../data/raw/disco/disco_disco.00057.wav,disco,energetic,0,0,3,3
../data/raw/disco/disco_disco.00058.wav,disco,energetic,0,0,3,3
../data/raw/disco/disco_disco.00059.wav,disco,energetic,0,0,3,3
../data/raw/disco/disco_disco.00060.wav,disco,energetic,0,0,3,3
../data/raw/disco/disco_disco.00061.wav,disco,energetic,0,0,3,3
../data/raw/hiphop/hiphop_hiphop.00000.wav,hiphop,energetic,0,0,3,3
../data/raw/hiphop/hiphop_hiphop.00001.wav,hiphop,energetic,0,0,3,3
../data/raw/hiphop/hiphop_hiphop.00002.wav,hiphop,energetic,0,0,3,3
../data/raw/hiphop/hiphop_hiphop.00003.wav,hiphop,energetic,0,0,3,3
../data/raw/hiphop/hiphop_hiphop.00004.wav,hiphop,energetic,0,0,3,3
../data/raw/hiphop/hiphop_hiphop.00005.wav,hiphop,energetic,0,0,3,3
../data/raw/hiphop/hiphop_hiphop.00006.wav,hiphop,energetic,0,0,3,3
../data/raw/hiphop/hiphop_hiphop.00007.wav,hiphop,energetic,0,0,3,3
../data/raw/hiphop/hiphop_hiphop.00008.wav,hiphop,energetic,0,0,3,3
../data/raw/hiphop/hiphop_hiphop.00009.wav,hiphop,energetic,0,0,3,3
../data/raw/hiphop/hiphop_hiphop.00010.wav,hiphop,energetic,0,0,3,3
../data/raw/hiphop/hiphop_hiphop.00011.wav,hiphop,energetic,0,0,3,3
../data/raw/hiphop/hiphop_hiphop.00012.wav,hiphop,energetic,0,0,3,3
../data/raw/hiphop/hiphop_hiphop.00013.wav,hiphop,energetic,0,0,3,3
../data/raw/hiphop/hiphop_hiphop.00014.wav,hiphop,energetic,0,0,3,3
../data/raw/hiphop/hiphop_hiphop.00015.wav,hiphop,energetic,0,0,3,3
../data/raw/hiphop/hiphop_hiphop.00016.wav,hiphop,energetic,0,0,3,3
../data/raw/hiphop/hiphop_hiphop.00017.wav,hiphop,energetic,0,0,3,3
../data/raw/hiphop/hiphop_hiphop.00018.wav,hiphop,energetic,0,0,3,3
../data/raw/hiphop/hiphop_hiphop.00019.wav,hiphop,energetic,0,0,3,3
../data/raw/hiphop/hiphop_hiphop.00020.wav,hiphop,energetic,0,0,3,3
../data/raw/hiphop/hiphop_hiphop.00021.wav,hiphop,energetic,0,0,3,3
../data/raw/hiphop/hiphop_hiphop.00022.wav,hiphop,energetic,0,0,3,3
../data/raw/hiphop/hiphop_hiphop.00023.wav,hiphop,energetic,0,0,3,3
../data/raw/hiphop/hiphop_hiphop.00024.wav,hiphop,energetic,0,0,3,3
../data/raw/hiphop/hiphop_hiphop.00025.wav,hiphop,energetic,0,0,3,3
../data/raw/hiphop/hiphop_hiphop.00026.wav,hiphop,energetic,0,0,3,3
../data/raw/hiphop/hiphop_hiphop.00027.wav,hiphop,energetic,0,0,3,3
../data/raw/hiphop/hiphop_hiphop.00028.wav,hiphop,energetic,0,0,3,3
../data/raw/hiphop/hiphop_hiphop.00029.wav,hiphop,energetic,0,0,3,3
../data/raw/hiphop/hiphop_hiphop.00030.wav,hiphop,energetic,0,0,3,3
../data/raw/hiphop/hiphop_hiphop.00031.wav,hiphop,energetic,0,0,3,3
../data/raw/hiphop/hiphop_hiphop.00032.wav,hiphop,energetic,0,0,3,3
../data/raw/hiphop/hiphop_hiphop.00033.wav,hiphop,energetic,0,0,3,3
../data/raw/hiphop/hiphop_hiphop.00034.wav,hiphop,energetic,0,0,3,3
../data/raw/hiphop/hiphop_hiphop.00035.wav,hiphop,energetic,0,0,3,3
../data/raw/hiphop/hiphop_hiphop.00036.wav,hiphop,energetic,0,0,3,3
../data/raw/hiphop/hiphop_hiphop.00037.wav,hiphop,energetic,0,0,3,3
../data/raw/hiphop/hiphop_hiphop.00038.wav,hiphop,energetic,0,0,3,3
../data/raw/hiphop/hiphop_hiphop.00039.wav,hiphop,energetic,0,0,3,3
../data/raw/hiphop/hiphop_hiphop.00040.wav,hiphop,energetic,0,0,3,3
../data/raw/hiphop/hiphop_hiphop.00041.wav,hiphop,energetic,0,0,3,3
../data/raw/hiphop/hiphop_hiphop.00042.wav,hiphop,energetic,0,0,3,3
../data/raw/hiphop/hiphop_hiphop.00043.wav,hiphop,energetic,0,0,3,3
../data/raw/hiphop/hiphop_hiphop.00044.wav,hiphop,energetic,0,0,3,3
../data/raw/hiphop/hiphop_hiphop.00045.wav,hiphop,energetic,0,0,3,3
../data/raw/hiphop/hiphop_hiphop.00046.wav,hiphop,energetic,0,0,3,3
../data/raw/hiphop/hiphop_hiphop.00047.wav,hiphop,energetic,0,0,3,3
../data/raw/hiphop/hiphop_hiphop.00048.wav,hiphop,energetic,0,0,3,3
../data/raw/hiphop/hiphop_hiphop.00049.wav,hiphop,energetic,0,0,3,3
../data/raw/hiphop/hiphop_hiphop.00050.wav,hiphop,energetic,0,0,3,3
../data/raw/hiphop/hiphop_hiphop.00051.wav,hiphop,energetic,0,0,3,3
../data/raw/hiphop/hiphop_hiphop.00052.wav,hiphop,energetic,0,0,3,3
../data/raw/hiphop/hiphop_hiphop.00053.wav,hiphop,energetic,0,0,3,3
../data/raw/hiphop/hiphop_hiphop.00054.wav,hiphop,energetic,0,0,3,3
../data/raw/hiphop/hiphop_hiphop.00055.wav,hiphop,energetic,0,0,3,3
../data/raw/hiphop/hiphop_hiphop.00056.wav,hiphop,energetic,0,0,3,3
../data/raw/hiphop/hiphop_hiphop.00057.wav,hiphop,energetic,0,0,3,3
../data/raw/hiphop/hiphop_hiphop.00058.wav,hiphop,energetic,0,0,3,3
../data/raw/hiphop/hiphop_hiphop.00059.wav,hiphop,energetic,0,0,3,3
../data/raw/hiphop/hiphop_hiphop.00060.wav,hiphop,energetic,0,0,3,3
../data/raw/hiphop/hiphop_hiphop.00061.wav,hiphop,energetic,0,0,3,3
../data/raw/classical/classical_classical.00000.wav,classical,calm,0,0,3,3
../data/raw/classical/classical_classical.00001.wav,classical,calm,0,0,3,3
../data/raw/classical/classical_classical.00002.wav,classical,calm,0,0,3,3
../data/raw/classical/classical_classical.00003.wav,classical,calm,0,0,3,3
../data/raw/classical/classical_classical.00004.wav,classical,calm,0,0,3,3
../data/raw/classical/classical_classical.00005.wav,classical,calm,0,0,3,3
../data/raw/classical/classical_classical.00006.wav,classical,calm,0,0,3,3
../data/raw/classical/classical_classical.00007.wav,classical,calm,0,0,3,3
../data/raw/classical/classical_classical.00008.wav,classical,calm,0,0,3,3
../data/raw/classical/classical_classical.00009.wav,classical,calm,0,0,3,3
../data/raw/classical/classical_classical.00010.wav,classical,calm,0,0,3,3
../data/raw/classical/classical_classical.00011.wav,classical,calm,0,0,3,3
../data/raw/classical/classical_classical.00012.wav,classical,calm,0,0,3,3
../data/raw/classical/classical_classical.00013.wav,classical,calm,0,0,3,3
../data/raw/classical/classical_classical.00014.wav,classical,calm,0,0,3,3
../data/raw/classical/classical_classical.00015.wav,classical,calm,0,0,3,3
../data/raw/classical/classical_classical.00016.wav,classical,calm,0,0,3,3
../data/raw/classical/classical_classical.00017.wav,classical,calm,0,0,3,3
../data/raw/classical/classical_classical.00018.wav,classical,calm,0,0,3,3
../data/raw/classical/classical_classical.00019.wav,classical,calm,0,0,3,3
../data/raw/classical/classical_classical.00020.wav,classical,calm,0,0,3,3
../data/raw/classical/classical_classical.00021.wav,classical,calm,0,0,3,3
../data/raw/classical/classical_classical.00022.wav,classical,calm,0,0,3,3
../data/raw/classical/classical_classical.00023.wav,classical,calm,0,0,3,3
../data/raw/classical/classical_classical.00024.wav,classical,calm,0,0,3,3
../data/raw/classical/classical_classical.00025.wav,classical,calm,0,0,3,3
../data/raw/classical/classical_classical.00026.wav,classical,calm,0,0,3,3
../data/raw/classical/classical_classical.00027.wav,classical,calm,0,0,3,3
../data/raw/classical/classical_classical.00028.wav,classical,calm,0,0,3,3
../data/raw/classical/classical_classical.00029.wav,classical,calm,0,0,3,3
../data/raw/classical/classical_classical.00030.wav,classical,calm,0,0,3,3
../data/raw/classical/classical_classical.00031.wav,classical,calm,0,0,3,3
../data/raw/classical/classical_classical.00032.wav,classical,calm,0,0,3,3
../data/raw/classical/classical_classical.00033.wav,classical,calm,0,0,3,3
../data/raw/classical/classical_classical.00034.wav,classical,calm,0,0,3,3
../data/raw/classical/classical_classical.00035.wav,classical,calm,0,0,3,3
../data/raw/classical/classical_classical.00036.wav,classical,calm,0,0,3,3
../data/raw/classical/classical_classical.00037.wav,classical,calm,0,0,3,3
../data/raw/classical/classical_classical.00038.wav,classical,calm,0,0,3,3
../data/raw/classical/classical_classical.00039.wav,classical,calm,0,0,3,3
../data/raw/classical/classical_classical.00040.wav,classical,calm,0,0,3,3
../data/raw/classical/classical_classical.00041.wav,classical,calm,0,0,3,3
../data/raw/classical/classical_classical.00042.wav,classical,calm,0,0,3,3
../data/raw/classical/classical_classical.00043.wav,classical,calm,0,0,3,3
../data/raw/classical/classical_classical.00044.wav,classical,calm,0,0,3,3
../data/raw/classical/classical_classical.00045.wav,classical,calm,0,0,3,3
../data/raw/classical/classical_classical.00046.wav,classical,calm,0,0,3,3
../data/raw/classical/classical_classical.00047.wav,classical,calm,0,0,3,3
../data/raw/classical/classical_classical.00048.wav,classical,calm,0,0,3,3
../data/raw/classical/classical_classical.00049.wav,classical,calm,0,0,3,3
../data/raw/classical/classical_classical.00050.wav,classical,calm,0,0,3,3
../data/raw/classical/classical_classical.00051.wav,classical,calm,0,0,3,3
../data/raw/classical/classical_classical.00052.wav,classical,calm,0,0,3,3
../data/raw/classical/classical_classical.00053.wav,classical,calm,0,0,3,3
../data/raw/classical/classical_classical.00054.wav,classical,calm,0,0,3,3
../data/raw/classical/classical_classical.00055.wav,classical,calm,0,0,3,3
../data/raw/classical/classical_classical.00056.wav,classical,calm,0,0,3,3
../data/raw/classical/classical_classical.00057.wav,classical,calm,0,0,3,3
../data/raw/classical/classical_classical.00058.wav,classical,calm,0,0,3,3
../data/raw/classical/classical_classical.00059.wav,classical,calm,0,0,3,3
../data/raw/classical/classical_classical.00060.wav,classical,calm,0,0,3,3
../data/raw/classical/classical_classical.00061.wav,classical,calm,0,0,3,3
../data/raw/classical/classical_classical.00062.wav,classical,calm,0,0,3,3
../data/raw/classical/classical_classical.00063.wav,classical,calm,0,0,3,3
../data/raw/classical/classical_classical.00064.wav,classical,calm,0,0,3,3
../data/raw/classical/classical_classical.00065.wav,classical,calm,0,0,3,3
../data/raw/classical/classical_classical.00066.wav,classical,calm,0,0,3,3
../data/raw/classical/classical_classical.00067.wav,classical,calm,0,0,3,3
../data/raw/classical/classical_classical.00068.wav,classical,calm,0,0,3,3
../data/raw/classical/classical_classical.00069.wav,classical,calm,0,0,3,3
../data/raw/classical/classical_classical.00070.wav,classical,calm,0,0,3,3
../data/raw/classical/classical_classical.00071.wav,classical,calm,0,0,3,3
../data/raw/classical/classical_classical.00072.wav,classical,calm,0,0,3,3
../data/raw/classical/classical_classical.00073.wav,classical,calm,0,0,3,3
../data/raw/classical/classical_classical.00074.wav,classical,calm,0,0,3,3
../data/raw/classical/classical_classical.00075.wav,classical,calm,0,0,3,3
../data/raw/classical/classical_classical.00076.wav,classical,calm,0,0,3,3
../data/raw/classical/classical_classical.00077.wav,classical,calm,0,0,3,3
../data/raw/classical/classical_classical.00078.wav,classical,calm,0,0,3,3
../data/raw/classical/classical_classical.00079.wav,classical,calm,0,0,3,3
../data/raw/classical/classical_classical.00080.wav,classical,calm,0,0,3,3
../data/raw/classical/classical_classical.00081.wav,classical,calm,0,0,3,3
../data/raw/classical/classical_classical.00082.wav,classical,calm,0,0,3,3
../data/raw/classical/classical_classical.00083.wav,classical,calm,0,0,3,3
../data/raw/classical/classical_classical.00084.wav,classical,calm,0,0,3,3
../data/raw/classical/classical_classical.00085.wav,classical,calm,0,0,3,3
../data/raw/classical/classical_classical.00086.wav,classical,calm,0,0,3,3
../data/raw/classical/classical_classical.00087.wav,classical,calm,0,0,3,3
../data/raw/classical/classical_classical.00088.wav,classical,calm,0,0,3,3
../data/raw/classical/classical_classical.00089.wav,classical,calm,0,0,3,3
../data/raw/classical/classical_classical.00090.wav,classical,calm,0,0,3,3
../data/raw/classical/classical_classical.00091.wav,classical,calm,0,0,3,3
../data/raw/classical/classical_classical.00092.wav,classical,calm,0,0,3,3
../data/raw/classical/classical_classical.00093.wav,classical,calm,0,0,3,3
../data/raw/classical/classical_classical.00094.wav,classical,calm,0,0,3,3
../data/raw/classical/classical_classical.00095.wav,classical,calm,0,0,3,3
../data/raw/classical/classical_classical.00096.wav,classical,calm,0,0,3,3
../data/raw/classical/classical_classical.00097.wav,classical,calm,0,0,3,3
../data/raw/classical/classical_classical.00098.wav,classical,calm,0,0,3,3
../data/raw/classical/classical_classical.00099.wav,classical,calm,0,0,3,3
../data/raw/classical/classical_classical.00100.wav,classical,calm,0,0,3,3
../data/raw/classical/classical_classical.00101.wav,classical,calm,0,0,3,3
../data/raw/classical/classical_classical.00102.wav,classical,calm,0,0,3,3
../data/raw/classical/classical_classical.00103.wav,classical,calm,0,0,3,3
../data/raw/classical/classical_classical.00104.wav,classical,calm,0,0,3,3
../data/raw/classical/classical_classical.00105.wav,classical,calm,0,0,3,3
../data/raw/classical/classical_classical.00106.wav,classical,calm,0,0,3,3
../data/raw/classical/classical_classical.00107.wav,classical,calm,0,0,3,3
../data/raw/classical/classical_classical.00108.wav,classical,calm,0,0,3,3
../data/raw/classical/classical_classical.00109.wav,classical,calm,0,0,3,3
../data/raw/classical/classical_classical.00110.wav,classical,calm,0,0,3,3
../data/raw/classical/classical_classical.00111.wav,classical,calm,0,0,3,3
../data/raw/classical/classical_classical.00112.wav,classical,calm,0,0,3,3
../data/raw/classical/classical_classical.00113.wav,classical,calm,0,0,3,3
../data/raw/classical/classical_classical.00114.wav,classical,calm,0,0,3,3
../data/raw/classical/classical_classical.00115.wav,classical,calm,0,0,3,3
../data/raw/classical/classical_classical.00116.wav,classical,calm,0,0,3,3
../data/raw/classical/classical_classical.00117.wav,classical,calm,0,0,3,3
../data/raw/classical/classical_classical.00118.wav,classical,calm,0,0,3,3
../data/raw/classical/classical_classical.00119.wav,classical,calm,0,0,3,3
../data/raw/classical/classical_classical.00120.wav,classical,calm,0,0,3,3
../data/raw/classical/classical_classical.00121.wav,classical,calm,0,0,3,3
../data/raw/classical/classical_classical.00122.wav,classical,calm,0,0,3,3
../data/raw/classical/classical_classical.00123.wav,classical,calm,0,0,3,3
../data/raw/classical/classical_classical.00124.wav,classical,calm,0,0,3,3
../data/raw/jazz/jazz_jazz.00000.wav,jazz,calm,0,0,3,3
../data/raw/jazz/jazz_jazz.00001.wav,jazz,calm,0,0,3,3
../data/raw/jazz/jazz_jazz.00002.wav,jazz,calm,0,0,3,3
../data/raw/jazz/jazz_jazz.00003.wav,jazz,calm,0,0,3,3
../data/raw/jazz/jazz_jazz.00004.wav,jazz,calm,0,0,3,3
../data/raw/jazz/jazz_jazz.00005.wav,jazz,calm,0,0,3,3
../data/raw/jazz/jazz_jazz.00006.wav,jazz,calm,0,0,3,3
../data/raw/jazz/jazz_jazz.00007.wav,jazz,calm,0,0,3,3
../data/raw/jazz/jazz_jazz.00008.wav,jazz,calm,0,0,3,3
../data/raw/jazz/jazz_jazz.00009.wav,jazz,calm,0,0,3,3
../data/raw/jazz/jazz_jazz.00010.wav,jazz,calm,0,0,3,3
../data/raw/jazz/jazz_jazz.00011.wav,jazz,calm,0,0,3,3
../data/raw/jazz/jazz_jazz.00012.wav,jazz,calm,0,0,3,3
../data/raw/jazz/jazz_jazz.00013.wav,jazz,calm,0,0,3,3
../data/raw/jazz/jazz_jazz.00014.wav,jazz,calm,0,0,3,3
../data/raw/jazz/jazz_jazz.00015.wav,jazz,calm,0,0,3,3
../data/raw/jazz/jazz_jazz.00016.wav,jazz,calm,0,0,3,3
../data/raw/jazz/jazz_jazz.00017.wav,jazz,calm,0,0,3,3
../data/raw/jazz/jazz_jazz.00018.wav,jazz,calm,0,0,3,3
../data/raw/jazz/jazz_jazz.00019.wav,jazz,calm,0,0,3,3
../data/raw/jazz/jazz_jazz.00020.wav,jazz,calm,0,0,3,3
../data/raw/jazz/jazz_jazz.00021.wav,jazz,calm,0,0,3,3
../data/raw/jazz/jazz_jazz.00022.wav,jazz,calm,0,0,3,3
../data/raw/jazz/jazz_jazz.00023.wav,jazz,calm,0,0,3,3
../data/raw/jazz/jazz_jazz.00024.wav,jazz,calm,0,0,3,3
../data/raw/jazz/jazz_jazz.00025.wav,jazz,calm,0,0,3,3
../data/raw/jazz/jazz_jazz.00026.wav,jazz,calm,0,0,3,3
../data/raw/jazz/jazz_jazz.00027.wav,jazz,calm,0,0,3,3
../data/raw/jazz/jazz_jazz.00028.wav,jazz,calm,0,0,3,3
../data/raw/jazz/jazz_jazz.00029.wav,jazz,calm,0,0,3,3
../data/raw/jazz/jazz_jazz.00030.wav,jazz,calm,0,0,3,3
../data/raw/jazz/jazz_jazz.00031.wav,jazz,calm,0,0,3,3
../data/raw/jazz/jazz_jazz.00032.wav,jazz,calm,0,0,3,3
../data/raw/jazz/jazz_jazz.00033.wav,jazz,calm,0,0,3,3
../data/raw/jazz/jazz_jazz.00034.wav,jazz,calm,0,0,3,3
../data/raw/jazz/jazz_jazz.00035.wav,jazz,calm,0,0,3,3
../data/raw/jazz/jazz_jazz.00036.wav,jazz,calm,0,0,3,3
../data/raw/jazz/jazz_jazz.00037.wav,jazz,calm,0,0,3,3
../data/raw/jazz/jazz_jazz.00038.wav,jazz,calm,0,0,3,3
../data/raw/jazz/jazz_jazz.00039.wav,jazz,calm,0,0,3,3
../data/raw/jazz/jazz_jazz.00040.wav,jazz,calm,0,0,3,3
../data/raw/jazz/jazz_jazz.00041.wav,jazz,calm,0,0,3,3
../data/raw/jazz/jazz_jazz.00042.wav,jazz,calm,0,0,3,3
../data/raw/jazz/jazz_jazz.00043.wav,jazz,calm,0,0,3,3
../data/raw/jazz/jazz_jazz.00044.wav,jazz,calm,0,0,3,3
../data/raw/jazz/jazz_jazz.00045.wav,jazz,calm,0,0,3,3
../data/raw/jazz/jazz_jazz.00046.wav,jazz,calm,0,0,3,3
../data/raw/jazz/jazz_jazz.00047.wav,jazz,calm,0,0,3,3
../data/raw/jazz/jazz_jazz.00048.wav,jazz,calm,0,0,3,3
../data/raw/jazz/jazz_jazz.00049.wav,jazz,calm,0,0,3,3
../data/raw/jazz/jazz_jazz.00050.wav,jazz,calm,0,0,3,3
../data/raw/jazz/jazz_jazz.00051.wav,jazz,calm,0,0,3,3
../data/raw/jazz/jazz_jazz.00052.wav,jazz,calm,0,0,3,3
../data/raw/jazz/jazz_jazz.00053.wav,jazz,calm,0,0,3,3
../data/raw/jazz/jazz_jazz.00054.wav,jazz,calm,0,0,3,3
../data/raw/jazz/jazz_jazz.00055.wav,jazz,calm,0,0,3,3
../data/raw/jazz/jazz_jazz.00056.wav,jazz,calm,0,0,3,3
../data/raw/jazz/jazz_jazz.00057.wav,jazz,calm,0,0,3,3
../data/raw/jazz/jazz_jazz.00058.wav,jazz,calm,0,0,3,3
../data/raw/jazz/jazz_jazz.00059.wav,jazz,calm,0,0,3,3
../data/raw/jazz/jazz_jazz.00060.wav,jazz,calm,0,0,3,3
../data/raw/jazz/jazz_jazz.00061.wav,jazz,calm,0,0,3,3
../data/raw/jazz/jazz_jazz.00062.wav,jazz,calm,0,0,3,3
../data/raw/jazz/jazz_jazz.00063.wav,jazz,calm,0,0,3,3
../data/raw/jazz/jazz_jazz.00064.wav,jazz,calm,0,0,3,3
../data/raw/jazz/jazz_jazz.00065.wav,jazz,calm,0,0,3,3
../data/raw/jazz/jazz_jazz.00066.wav,jazz,calm,0,0,3,3
../data/raw/jazz/jazz_jazz.00067.wav,jazz,calm,0,0,3,3
../data/raw/jazz/jazz_jazz.00068.wav,jazz,calm,0,0,3,3
../data/raw/jazz/jazz_jazz.00069.wav,jazz,calm,0,0,3,3
../data/raw/jazz/jazz_jazz.00070.wav,jazz,calm,0,0,3,3
../data/raw/jazz/jazz_jazz.00071.wav,jazz,calm,0,0,3,3
../data/raw/jazz/jazz_jazz.00072.wav,jazz,calm,0,0,3,3
../data/raw/jazz/jazz_jazz.00073.wav,jazz,calm,0,0,3,3
../data/raw/jazz/jazz_jazz.00074.wav,jazz,calm,0,0,3,3
../data/raw/jazz/jazz_jazz.00075.wav,jazz,calm,0,0,3,3
../data/raw/jazz/jazz_jazz.00076.wav,jazz,calm,0,0,3,3
../data/raw/jazz/jazz_jazz.00077.wav,jazz,calm,0,0,3,3
../data/raw/jazz/jazz_jazz.00078.wav,jazz,calm,0,0,3,3
../data/raw/jazz/jazz_jazz.00079.wav,jazz,calm,0,0,3,3
../data/raw/jazz/jazz_jazz.00080.wav,jazz,calm,0,0,3,3
../data/raw/jazz/jazz_jazz.00081.wav,jazz,calm,0,0,3,3
../data/raw/jazz/jazz_jazz.00082.wav,jazz,calm,0,0,3,3
../data/raw/jazz/jazz_jazz.00083.wav,jazz,calm,0,0,3,3
../data/raw/jazz/jazz_jazz.00084.wav,jazz,calm,0,0,3,3
../data/raw/jazz/jazz_jazz.00085.wav,jazz,calm,0,0,3,3
../data/raw/jazz/jazz_jazz.00086.wav,jazz,calm,0,0,3,3
../data/raw/jazz/jazz_jazz.00087.wav,jazz,calm,0,0,3,3
../data/raw/jazz/jazz_jazz.00088.wav,jazz,calm,0,0,3,3
../data/raw/jazz/jazz_jazz.00089.wav,jazz,calm,0,0,3,3
../data/raw/jazz/jazz_jazz.00090.wav,jazz,calm,0,0,3,3
../data/raw/jazz/jazz_jazz.00091.wav,jazz,calm,0,0,3,3
../data/raw/jazz/jazz_jazz.00092.wav,jazz,calm,0,0,3,3
../data/raw/jazz/jazz_jazz.00093.wav,jazz,calm,0,0,3,3
../data/raw/jazz/jazz_jazz.00094.wav,jazz,calm,0,0,3,3
../data/raw/jazz/jazz_jazz.00095.wav,jazz,calm,0,0,3,3
../data/raw/jazz/jazz_jazz.00096.wav,jazz,calm,0,0,3,3
../data/raw/jazz/jazz_jazz.00097.wav,jazz,calm,0,0,3,3
../data/raw/jazz/jazz_jazz.00098.wav,jazz,calm,0,0,3,3
../data/raw/jazz/jazz_jazz.00099.wav,jazz,calm,0,0,3,3
../data/raw/jazz/jazz_jazz.00100.wav,jazz,calm,0,0,3,3
../data/raw/jazz/jazz_jazz.00101.wav,jazz,calm,0,0,3,3
../data/raw/jazz/jazz_jazz.00102.wav,jazz,calm,0,0,3,3
../data/raw/jazz/jazz_jazz.00103.wav,jazz,calm,0,0,3,3
../data/raw/jazz/jazz_jazz.00104.wav,jazz,calm,0,0,3,3
../data/raw/jazz/jazz_jazz.00105.wav,jazz,calm,0,0,3,3
../data/raw/jazz/jazz_jazz.00106.wav,jazz,calm,0,0,3,3
../data/raw/jazz/jazz_jazz.00107.wav,jazz,calm,0,0,3,3
../data/raw/jazz/jazz_jazz.00108.wav,jazz,calm,0,0,3,3
../data/raw/jazz/jazz_jazz.00109.wav,jazz,calm,0,0,3,3
../data/raw/jazz/jazz_jazz.00110.wav,jazz,calm,0,0,3,3
../data/raw/jazz/jazz_jazz.00111.wav,jazz,calm,0,0,3,3
../data/raw/jazz/jazz_jazz.00112.wav,jazz,calm,0,0,3,3
../data/raw/jazz/jazz_jazz.00113.wav,jazz,calm,0,0,3,3
../data/raw/jazz/jazz_jazz.00114.wav,jazz,calm,0,0,3,3
../data/raw/jazz/jazz_jazz.00115.wav,jazz,calm,0,0,3,3
../data/raw/jazz/jazz_jazz.00116.wav,jazz,calm,0,0,3,3
../data/raw/jazz/jazz_jazz.00117.wav,jazz,calm,0,0,3,3
../data/raw/jazz/jazz_jazz.00118.wav,jazz,calm,0,0,3,3
../data/raw/jazz/jazz_jazz.00119.wav,jazz,calm,0,0,3,3
../data/raw/jazz/jazz_jazz.00120.wav,jazz,calm,0,0,3,3
../data/raw/jazz/jazz_jazz.00121.wav,jazz,calm,0,0,3,3
../data/raw/jazz/jazz_jazz.00122.wav,jazz,calm,0,0,3,3
../data/raw/jazz/jazz_jazz.00123.wav,jazz,calm,0,0,3,3
../data/raw/jazz/jazz_jazz.00124.wav,jazz,calm,0,0,3,3
../data/raw/pop/pop_pop.00000.wav,pop,happy,0,0,3,3
../data/raw/pop/pop_pop.00001.wav,pop,happy,0,0,3,3
../data/raw/pop/pop_pop.00002.wav,pop,happy,0,0,3,3
../data/raw/pop/pop_pop.00003.wav,pop,happy,0,0,3,3
../data/raw/pop/pop_pop.00004.wav,pop,happy,0,0,3,3
../data/raw/pop/pop_pop.00005.wav,pop,happy,0,0,3,3
../data/raw/pop/pop_pop.00006.wav,pop,happy,0,0,3,3
../data/raw/pop/pop_pop.00007.wav,pop,happy,0,0,3,3
../data/raw/pop/pop_pop.00008.wav,pop,happy,0,0,3,3
../data/raw/pop/pop_pop.00009.wav,pop,happy,0,0,3,3
../data/raw/pop/pop_pop.00010.wav,pop,happy,0,0,3,3
../data/raw/pop/pop_pop.00011.wav,pop,happy,0,0,3,3
../data/raw/pop/pop_pop.00012.wav,pop,happy,0,0,3,3
../data/raw/pop/pop_pop.00013.wav,pop,happy,0,0,3,3
../data/raw/pop/pop_pop.00014.wav,pop,happy,0,0,3,3
../data/raw/pop/pop_pop.00015.wav,pop,happy,0,0,3,3
../data/raw/pop/pop_pop.00016.wav,pop,happy,0,0,3,3
../data/raw/pop/pop_pop.00017.wav,pop,happy,0,0,3,3
../data/raw/pop/pop_pop.00018.wav,pop,happy,0,0,3,3
../data/raw/pop/pop_pop.00019.wav,pop,happy,0,0,3,3
../data/raw/pop/pop_pop.00020.wav,pop,happy,0,0,3,3
../data/raw/pop/pop_pop.00021.wav,pop,happy,0,0,3,3
../data/raw/pop/pop_pop.00022.wav,pop,happy,0,0,3,3
../data/raw/pop/pop_pop.00023.wav,pop,happy,0,0,3,3
../data/raw/pop/pop_pop.00024.wav,pop,happy,0,0,3,3
../data/raw/pop/pop_pop.00025.wav,pop,happy,0,0,3,3
../data/raw/pop/pop_pop.00026.wav,pop,happy,0,0,3,3
../data/raw/pop/pop_pop.00027.wav,pop,happy,0,0,3,3
../data/raw/pop/pop_pop.00028.wav,pop,happy,0,0,3,3
../data/raw/pop/pop_pop.00029.wav,pop,happy,0,0,3,3
../data/raw/pop/pop_pop.00030.wav,pop,happy,0,0,3,3
../data/raw/pop/pop_pop.00031.wav,pop,happy,0,0,3,3
../data/raw/pop/pop_pop.00032.wav,pop,happy,0,0,3,3
../data/raw/pop/pop_pop.00033.wav,pop,happy,0,0,3,3
../data/raw/pop/pop_pop.00034.wav,pop,happy,0,0,3,3
../data/raw/pop/pop_pop.00035.wav,pop,happy,0,0,3,3
../data/raw/pop/pop_pop.00036.wav,pop,happy,0,0,3,3
../data/raw/pop/pop_pop.00037.wav,pop,happy,0,0,3,3
../data/raw/pop/pop_pop.00038.wav,pop,happy,0,0,3,3
../data/raw/pop/pop_pop.00039.wav,pop,happy,0,0,3,3
../data/raw/pop/pop_pop.00040.wav,pop,happy,0,0,3,3
../data/raw/pop/pop_pop.00041.wav,pop,happy,0,0,3,3
../data/raw/pop/pop_pop.00042.wav,pop,happy,0,0,3,3
../data/raw/pop/pop_pop.00043.wav,pop,happy,0,0,3,3
../data/raw/pop/pop_pop.00044.wav,pop,happy,0,0,3,3
../data/raw/pop/pop_pop.00045.wav,pop,happy,0,0,3,3
../data/raw/pop/pop_pop.00046.wav,pop,happy,0,0,3,3
../data/raw/pop/pop_pop.00047.wav,pop,happy,0,0,3,3
../data/raw/pop/pop_pop.00048.wav,pop,happy,0,0,3,3
../data/raw/pop/pop_pop.00049.wav,pop,happy,0,0,3,3
../data/raw/pop/pop_pop.00050.wav,pop,happy,0,0,3,3
../data/raw/pop/pop_pop.00051.wav,pop,happy,0,0,3,3
../data/raw/pop/pop_pop.00052.wav,pop,happy,0,0,3,3
../data/raw/pop/pop_pop.00053.wav,pop,happy,0,0,3,3
../data/raw/pop/pop_pop.00054.wav,pop,happy,0,0,3,3
../data/raw/pop/pop_pop.00055.wav,pop,happy,0,0,3,3
../data/raw/pop/pop_pop.00056.wav,pop,happy,0,0,3,3
../data/raw/pop/pop_pop.00057.wav,pop,happy,0,0,3,3
../data/raw/pop/pop_pop.00058.wav,pop,happy,0,0,3,3
../data/raw/pop/pop_pop.00059.wav,pop,happy,0,0,3,3
../data/raw/pop/pop_pop.00060.wav,pop,happy,0,0,3,3
../data/raw/pop/pop_pop.00061.wav,pop,happy,0,0,3,3
../data/raw/pop/pop_pop.00062.wav,pop,happy,0,0,3,3
../data/raw/pop/pop_pop.00063.wav,pop,happy,0,0,3,3
../data/raw/pop/pop_pop.00064.wav,pop,happy,0,0,3,3
../data/raw/pop/pop_pop.00065.wav,pop,happy,0,0,3,3
../data/raw/pop/pop_pop.00066.wav,pop,happy,0,0,3,3
../data/raw/pop/pop_pop.00067.wav,pop,happy,0,0,3,3
../data/raw/pop/pop_pop.00068.wav,pop,happy,0,0,3,3
../data/raw/pop/pop_pop.00069.wav,pop,happy,0,0,3,3
../data/raw/pop/pop_pop.00070.wav,pop,happy,0,0,3,3
../data/raw/pop/pop_pop.00071.wav,pop,happy,0,0,3,3
../data/raw/pop/pop_pop.00072.wav,pop,happy,0,0,3,3
../data/raw/pop/pop_pop.00073.wav,pop,happy,0,0,3,3
../data/raw/pop/pop_pop.00074.wav,pop,happy,0,0,3,3
../data/raw/pop/pop_pop.00075.wav,pop,happy,0,0,3,3
../data/raw/pop/pop_pop.00076.wav,pop,happy,0,0,3,3
../data/raw/pop/pop_pop.00077.wav,pop,happy,0,0,3,3
../data/raw/pop/pop_pop.00078.wav,pop,happy,0,0,3,3
../data/raw/pop/pop_pop.00079.wav,pop,happy,0,0,3,3
../data/raw/pop/pop_pop.00080.wav,pop,happy,0,0,3,3
../data/raw/pop/pop_pop.00081.wav,pop,happy,0,0,3,3
../data/raw/pop/pop_pop.00082.wav,pop,happy,0,0,3,3
../data/raw/pop/pop_pop.00083.wav,pop,happy,0,0,3,3
../data/raw/pop/pop_pop.00084.wav,pop,happy,0,0,3,3
../data/raw/pop/pop_pop.00085.wav,pop,happy,0,0,3,3
../data/raw/pop/pop_pop.00086.wav,pop,happy,0,0,3,3
../data/raw/pop/pop_pop.00087.wav,pop,happy,0,0,3,3
../data/raw/pop/pop_pop.00088.wav,pop,happy,0,0,3,3
../data/raw/pop/pop_pop.00089.wav,pop,happy,0,0,3,3
../data/raw/pop/pop_pop.00090.wav,pop,happy,0,0,3,3
../data/raw/pop/pop_pop.00091.wav,pop,happy,0,0,3,3
../data/raw/pop/pop_pop.00092.wav,pop,happy,0,0,3,3
../data/raw/pop/pop_pop.00093.wav,pop,happy,0,0,3,3
../data/raw/pop/pop_pop.00094.wav,pop,happy,0,0,3,3
../data/raw/pop/pop_pop.00095.wav,pop,happy,0,0,3,3
../data/raw/pop/pop_pop.00096.wav,pop,happy,0,0,3,3
../data/raw/pop/pop_pop.00097.wav,pop,happy,0,0,3,3
../data/raw/pop/pop_pop.00098.wav,pop,happy,0,0,3,3
../data/raw/pop/pop_pop.00099.wav,pop,happy,0,0,3,3
../data/raw/pop/pop_pop.00100.wav,pop,happy,0,0,3,3
../data/raw/pop/pop_pop.00101.wav,pop,happy,0,0,3,3
../data/raw/pop/pop_pop.00102.wav,pop,happy,0,0,3,3
../data/raw/pop/pop_pop.00103.wav,pop,happy,0,0,3,3
../data/raw/pop/pop_pop.00104.wav,pop,happy,0,0,3,3
../data/raw/pop/pop_pop.00105.wav,pop,happy,0,0,3,3
../data/raw/pop/pop_pop.00106.wav,pop,happy,0,0,3,3
../data/raw/pop/pop_pop.00107.wav,pop,happy,0,0,3,3
../data/raw/pop/pop_pop.00108.wav,pop,happy,0,0,3,3
../data/raw/pop/pop_pop.00109.wav,pop,happy,0,0,3,3
../data/raw/pop/pop_pop.00110.wav,pop,happy,0,0,3,3
../data/raw/pop/pop_pop.00111.wav,pop,happy,0,0,3,3
../data/raw/pop/pop_pop.00112.wav,pop,happy,0,0,3,3
../data/raw/pop/pop_pop.00113.wav,pop,happy,0,0,3,3
../data/raw/pop/pop_pop.00114.wav,pop,happy,0,0,3,3
../data/raw/pop/pop_pop.00115.wav,pop,happy,0,0,3,3
../data/raw/pop/pop_pop.00116.wav,pop,happy,0,0,3,3
../data/raw/pop/pop_pop.00117.wav,pop,happy,0,0,3,3
../data/raw/pop/pop_pop.00118.wav,pop,happy,0,0,3,3
../data/raw/pop/pop_pop.00119.wav,pop,happy,0,0,3,3
../data/raw/pop/pop_pop.00120.wav,pop,happy,0,0,3,3
../data/raw/pop/pop_pop.00121.wav,pop,happy,0,0,3,3
../data/raw/pop/pop_pop.00122.wav,pop,happy,0,0,3,3
../data/raw/pop/pop_pop.00123.wav,pop,happy,0,0,3,3
../data/raw/pop/pop_pop.00124.wav,pop,happy,0,0,3,3
../data/raw/reggae/reggae_reggae.00000.wav,reggae,happy,0,0,3,3
../data/raw/reggae/reggae_reggae.00001.wav,reggae,happy,0,0,3,3
../data/raw/reggae/reggae_reggae.00002.wav,reggae,happy,0,0,3,3
../data/raw/reggae/reggae_reggae.00003.wav,reggae,happy,0,0,3,3
../data/raw/reggae/reggae_reggae.00004.wav,reggae,happy,0,0,3,3
../data/raw/reggae/reggae_reggae.00005.wav,reggae,happy,0,0,3,3
../data/raw/reggae/reggae_reggae.00006.wav,reggae,happy,0,0,3,3
../data/raw/reggae/reggae_reggae.00007.wav,reggae,happy,0,0,3,3
../data/raw/reggae/reggae_reggae.00008.wav,reggae,happy,0,0,3,3
../data/raw/reggae/reggae_reggae.00009.wav,reggae,happy,0,0,3,3
../data/raw/reggae/reggae_reggae.00010.wav,reggae,happy,0,0,3,3
../data/raw/reggae/reggae_reggae.00011.wav,reggae,happy,0,0,3,3
../data/raw/reggae/reggae_reggae.00012.wav,reggae,happy,0,0,3,3
../data/raw/reggae/reggae_reggae.00013.wav,reggae,happy,0,0,3,3
../data/raw/reggae/reggae_reggae.00014.wav,reggae,happy,0,0,3,3
../data/raw/reggae/reggae_reggae.00015.wav,reggae,happy,0,0,3,3
../data/raw/reggae/reggae_reggae.00016.wav,reggae,happy,0,0,3,3
../data/raw/reggae/reggae_reggae.00017.wav,reggae,happy,0,0,3,3
../data/raw/reggae/reggae_reggae.00018.wav,reggae,happy,0,0,3,3
../data/raw/reggae/reggae_reggae.00019.wav,reggae,happy,0,0,3,3
../data/raw/reggae/reggae_reggae.00020.wav,reggae,happy,0,0,3,3
../data/raw/reggae/reggae_reggae.00021.wav,reggae,happy,0,0,3,3
../data/raw/reggae/reggae_reggae.00022.wav,reggae,happy,0,0,3,3
../data/raw/reggae/reggae_reggae.00023.wav,reggae,happy,0,0,3,3
../data/raw/reggae/reggae_reggae.00024.wav,reggae,happy,0,0,3,3
../data/raw/reggae/reggae_reggae.00025.wav,reggae,happy,0,0,3,3
../data/raw/reggae/reggae_reggae.00026.wav,reggae,happy,0,0,3,3
../data/raw/reggae/reggae_reggae.00027.wav,reggae,happy,0,0,3,3
../data/raw/reggae/reggae_reggae.00028.wav,reggae,happy,0,0,3,3
../data/raw/reggae/reggae_reggae.00029.wav,reggae,happy,0,0,3,3
../data/raw/reggae/reggae_reggae.00030.wav,reggae,happy,0,0,3,3
../data/raw/reggae/reggae_reggae.00031.wav,reggae,happy,0,0,3,3
../data/raw/reggae/reggae_reggae.00032.wav,reggae,happy,0,0,3,3
../data/raw/reggae/reggae_reggae.00033.wav,reggae,happy,0,0,3,3
../data/raw/reggae/reggae_reggae.00034.wav,reggae,happy,0,0,3,3
../data/raw/reggae/reggae_reggae.00035.wav,reggae,happy,0,0,3,3
../data/raw/reggae/reggae_reggae.00036.wav,reggae,happy,0,0,3,3
../data/raw/reggae/reggae_reggae.00037.wav,reggae,happy,0,0,3,3
../data/raw/reggae/reggae_reggae.00038.wav,reggae,happy,0,0,3,3
../data/raw/reggae/reggae_reggae.00039.wav,reggae,happy,0,0,3,3
../data/raw/reggae/reggae_reggae.00040.wav,reggae,happy,0,0,3,3
../data/raw/reggae/reggae_reggae.00041.wav,reggae,happy,0,0,3,3
../data/raw/reggae/reggae_reggae.00042.wav,reggae,happy,0,0,3,3
../data/raw/reggae/reggae_reggae.00043.wav,reggae,happy,0,0,3,3
../data/raw/reggae/reggae_reggae.00044.wav,reggae,happy,0,0,3,3
../data/raw/reggae/reggae_reggae.00045.wav,reggae,happy,0,0,3,3
../data/raw/reggae/reggae_reggae.00046.wav,reggae,happy,0,0,3,3
../data/raw/reggae/reggae_reggae.00047.wav,reggae,happy,0,0,3,3
../data/raw/reggae/reggae_reggae.00048.wav,reggae,happy,0,0,3,3
../data/raw/reggae/reggae_reggae.00049.wav,reggae,happy,0,0,3,3
../data/raw/reggae/reggae_reggae.00050.wav,reggae,happy,0,0,3,3
../data/raw/reggae/reggae_reggae.00051.wav,reggae,happy,0,0,3,3
../data/raw/reggae/reggae_reggae.00052.wav,reggae,happy,0,0,3,3
../data/raw/reggae/reggae_reggae.00053.wav,reggae,happy,0,0,3,3
../data/raw/reggae/reggae_reggae.00054.wav,reggae,happy,0,0,3,3
../data/raw/reggae/reggae_reggae.00055.wav,reggae,happy,0,0,3,3
../data/raw/reggae/reggae_reggae.00056.wav,reggae,happy,0,0,3,3
../data/raw/reggae/reggae_reggae.00057.wav,reggae,happy,0,0,3,3
../data/raw/reggae/reggae_reggae.00058.wav,reggae,happy,0,0,3,3
../data/raw/reggae/reggae_reggae.00059.wav,reggae,happy,0,0,3,3
../data/raw/reggae/reggae_reggae.00060.wav,reggae,happy,0,0,3,3
../data/raw/reggae/reggae_reggae.00061.wav,reggae,happy,0,0,3,3
../data/raw/reggae/reggae_reggae.00062.wav,reggae,happy,0,0,3,3
../data/raw/reggae/reggae_reggae.00063.wav,reggae,happy,0,0,3,3
../data/raw/reggae/reggae_reggae.00064.wav,reggae,happy,0,0,3,3
../data/raw/reggae/reggae_reggae.00065.wav,reggae,happy,0,0,3,3
../data/raw/reggae/reggae_reggae.00066.wav,reggae,happy,0,0,3,3
../data/raw/reggae/reggae_reggae.00067.wav,reggae,happy,0,0,3,3
../data/raw/reggae/reggae_reggae.00068.wav,reggae,happy,0,0,3,3
../data/raw/reggae/reggae_reggae.00069.wav,reggae,happy,0,0,3,3
../data/raw/reggae/reggae_reggae.00070.wav,reggae,happy,0,0,3,3
../data/raw/reggae/reggae_reggae.00071.wav,reggae,happy,0,0,3,3
../data/raw/reggae/reggae_reggae.00072.wav,reggae,happy,0,0,3,3
../data/raw/reggae/reggae_reggae.00073.wav,reggae,happy,0,0,3,3
../data/raw/reggae/reggae_reggae.00074.wav,reggae,happy,0,0,3,3
../data/raw/reggae/reggae_reggae.00075.wav,reggae,happy,0,0,3,3
../data/raw/reggae/reggae_reggae.00076.wav,reggae,happy,0,0,3,3
../data/raw/reggae/reggae_reggae.00077.wav,reggae,happy,0,0,3,3
../data/raw/reggae/reggae_reggae.00078.wav,reggae,happy,0,0,3,3
../data/raw/reggae/reggae_reggae.00079.wav,reggae,happy,0,0,3,3
../data/raw/reggae/reggae_reggae.00080.wav,reggae,happy,0,0,3,3
../data/raw/reggae/reggae_reggae.00081.wav,reggae,happy,0,0,3,3
../data/raw/reggae/reggae_reggae.00082.wav,reggae,happy,0,0,3,3
../data/raw/reggae/reggae_reggae.00083.wav,reggae,happy,0,0,3,3
../data/raw/reggae/reggae_reggae.00084.wav,reggae,happy,0,0,3,3
../data/raw/reggae/reggae_reggae.00085.wav,reggae,happy,0,0,3,3
../data/raw/reggae/reggae_reggae.00086.wav,reggae,happy,0,0,3,3
../data/raw/reggae/reggae_reggae.00087.wav,reggae,happy,0,0,3,3
../data/raw/reggae/reggae_reggae.00088.wav,reggae,happy,0,0,3,3
../data/raw/reggae/reggae_reggae.00089.wav,reggae,happy,0,0,3,3
../data/raw/reggae/reggae_reggae.00090.wav,reggae,happy,0,0,3,3
../data/raw/reggae/reggae_reggae.00091.wav,reggae,happy,0,0,3,3
../data/raw/reggae/reggae_reggae.00092.wav,reggae,happy,0,0,3,3
../data/raw/reggae/reggae_reggae.00093.wav,reggae,happy,0,0,3,3
../data/raw/reggae/reggae_reggae.00094.wav,reggae,happy,0,0,3,3
../data/raw/reggae/reggae_reggae.00095.wav,reggae,happy,0,0,3,3
../data/raw/reggae/reggae_reggae.00096.wav,reggae,happy,0,0,3,3
../data/raw/reggae/reggae_reggae.00097.wav,reggae,happy,0,0,3,3
../data/raw/reggae/reggae_reggae.00098.wav,reggae,happy,0,0,3,3
../data/raw/reggae/reggae_reggae.00099.wav,reggae,happy,0,0,3,3
../data/raw/reggae/reggae_reggae.00100.wav,reggae,happy,0,0,3,3
../data/raw/reggae/reggae_reggae.00101.wav,reggae,happy,0,0,3,3
../data/raw/reggae/reggae_reggae.00102.wav,reggae,happy,0,0,3,3
../data/raw/reggae/reggae_reggae.00103.wav,reggae,happy,0,0,3,3
../data/raw/reggae/reggae_reggae.00104.wav,reggae,happy,0,0,3,3
../data/raw/reggae/reggae_reggae.00105.wav,reggae,happy,0,0,3,3
../data/raw/reggae/reggae_reggae.00106.wav,reggae,happy,0,0,3,3
../data/raw/reggae/reggae_reggae.00107.wav,reggae,happy,0,0,3,3
../data/raw/reggae/reggae_reggae.00108.wav,reggae,happy,0,0,3,3
../data/raw/reggae/reggae_reggae.00109.wav,reggae,happy,0,0,3,3
../data/raw/reggae/reggae_reggae.00110.wav,reggae,happy,0,0,3,3
../data/raw/reggae/reggae_reggae.00111.wav,reggae,happy,0,0,3,3
../data/raw/reggae/reggae_reggae.00112.wav,reggae,happy,0,0,3,3
../data/raw/reggae/reggae_reggae.00113.wav,reggae,happy,0,0,3,3
../data/raw/reggae/reggae_reggae.00114.wav,reggae,happy,0,0,3,3
../data/raw/reggae/reggae_reggae.00115.wav,reggae,happy,0,0,3,3
../data/raw/reggae/reggae_reggae.00116.wav,reggae,happy,0,0,3,3
../data/raw/reggae/reggae_reggae.00117.wav,reggae,happy,0,0,3,3
../data/raw/reggae/reggae_reggae.00118.wav,reggae,happy,0,0,3,3
../data/raw/reggae/reggae_reggae.00119.wav,reggae,happy,0,0,3,3
../data/raw/reggae/reggae_reggae.00120.wav,reggae,happy,0,0,3,3
../data/raw/reggae/reggae_reggae.00121.wav,reggae,happy,0,0,3,3
../data/raw/reggae/reggae_reggae.00122.wav,reggae,happy,0,0,3,3
../data/raw/reggae/reggae_reggae.00123.wav,reggae,happy,0,0,3,3
../data/raw/reggae/reggae_reggae.00124.wav,reggae,happy,0,0,3,3
../data/raw/blues/blues_blues.00000.wav,blues,melancholic,0,0,3,3
../data/raw/blues/blues_blues.00001.wav,blues,melancholic,0,0,3,3
../data/raw/blues/blues_blues.00002.wav,blues,melancholic,0,0,3,3
../data/raw/blues/blues_blues.00003.wav,blues,melancholic,0,0,3,3
../data/raw/blues/blues_blues.00004.wav,blues,melancholic,0,0,3,3
../data/raw/blues/blues_blues.00005.wav,blues,melancholic,0,0,3,3
../data/raw/blues/blues_blues.00006.wav,blues,melancholic,0,0,3,3
../data/raw/blues/blues_blues.00007.wav,blues,melancholic,0,0,3,3
../data/raw/blues/blues_blues.00008.wav,blues,melancholic,0,0,3,3
../data/raw/blues/blues_blues.00009.wav,blues,melancholic,0,0,3,3
../data/raw/blues/blues_blues.00010.wav,blues,melancholic,0,0,3,3
../data/raw/blues/blues_blues.00011.wav,blues,melancholic,0,0,3,3
../data/raw/blues/blues_blues.00012.wav,blues,melancholic,0,0,3,3
../data/raw/blues/blues_blues.00013.wav,blues,melancholic,0,0,3,3
../data/raw/blues/blues_blues.00014.wav,blues,melancholic,0,0,3,3
../data/raw/blues/blues_blues.00015.wav,blues,melancholic,0,0,3,3
../data/raw/blues/blues_blues.00016.wav,blues,melancholic,0,0,3,3
../data/raw/blues/blues_blues.00017.wav,blues,melancholic,0,0,3,3
../data/raw/blues/blues_blues.00018.wav,blues,melancholic,0,0,3,3
../data/raw/blues/blues_blues.00019.wav,blues,melancholic,0,0,3,3
../data/raw/blues/blues_blues.00020.wav,blues,melancholic,0,0,3,3
../data/raw/blues/blues_blues.00021.wav,blues,melancholic,0,0,3,3
../data/raw/blues/blues_blues.00022.wav,blues,melancholic,0,0,3,3
../data/raw/blues/blues_blues.00023.wav,blues,melancholic,0,0,3,3
../data/raw/blues/blues_blues.00024.wav,blues,melancholic,0,0,3,3
../data/raw/blues/blues_blues.00025.wav,blues,melancholic,0,0,3,3
../data/raw/blues/blues_blues.00026.wav,blues,melancholic,0,0,3,3
../data/raw/blues/blues_blues.00027.wav,blues,melancholic,0,0,3,3
../data/raw/blues/blues_blues.00028.wav,blues,melancholic,0,0,3,3
../data/raw/blues/blues_blues.00029.wav,blues,melancholic,0,0,3,3
../data/raw/blues/blues_blues.00030.wav,blues,melancholic,0,0,3,3
../data/raw/blues/blues_blues.00031.wav,blues,melancholic,0,0,3,3
../data/raw/blues/blues_blues.00032.wav,blues,melancholic,0,0,3,3
../data/raw/blues/blues_blues.00033.wav,blues,melancholic,0,0,3,3
../data/raw/blues/blues_blues.00034.wav,blues,melancholic,0,0,3,3
../data/raw/blues/blues_blues.00035.wav,blues,melancholic,0,0,3,3
../data/raw/blues/blues_blues.00036.wav,blues,melancholic,0,0,3,3
../data/raw/blues/blues_blues.00037.wav,blues,melancholic,0,0,3,3
../data/raw/blues/blues_blues.00038.wav,blues,melancholic,0,0,3,3
../data/raw/blues/blues_blues.00039.wav,blues,melancholic,0,0,3,3
../data/raw/blues/blues_blues.00040.wav,blues,melancholic,0,0,3,3
../data/raw/blues/blues_blues.00041.wav,blues,melancholic,0,0,3,3
../data/raw/blues/blues_blues.00042.wav,blues,melancholic,0,0,3,3
../data/raw/blues/blues_blues.00043.wav,blues,melancholic,0,0,3,3
../data/raw/blues/blues_blues.00044.wav,blues,melancholic,0,0,3,3
../data/raw/blues/blues_blues.00045.wav,blues,melancholic,0,0,3,3
../data/raw/blues/blues_blues.00046.wav,blues,melancholic,0,0,3,3
../data/raw/blues/blues_blues.00047.wav,blues,melancholic,0,0,3,3
../data/raw/blues/blues_blues.00048.wav,blues,melancholic,0,0,3,3
../data/raw/blues/blues_blues.00049.wav,blues,melancholic,0,0,3,3
../data/raw/blues/blues_blues.00050.wav,blues,melancholic,0,0,3,3
../data/raw/blues/blues_blues.00051.wav,blues,melancholic,0,0,3,3
../data/raw/blues/blues_blues.00052.wav,blues,melancholic,0,0,3,3
../data/raw/blues/blues_blues.00053.wav,blues,melancholic,0,0,3,3
../data/raw/blues/blues_blues.00054.wav,blues,melancholic,0,0,3,3
../data/raw/blues/blues_blues.00055.wav,blues,melancholic,0,0,3,3
../data/raw/blues/blues_blues.00056.wav,blues,melancholic,0,0,3,3
../data/raw/blues/blues_blues.00057.wav,blues,melancholic,0,0,3,3
../data/raw/blues/blues_blues.00058.wav,blues,melancholic,0,0,3,3
../data/raw/blues/blues_blues.00059.wav,blues,melancholic,0,0,3,3
../data/raw/blues/blues_blues.00060.wav,blues,melancholic,0,0,3,3
../data/raw/blues/blues_blues.00061.wav,blues,melancholic,0,0,3,3
../data/raw/blues/blues_blues.00062.wav,blues,melancholic,0,0,3,3
../data/raw/blues/blues_blues.00063.wav,blues,melancholic,0,0,3,3
../data/raw/blues/blues_blues.00064.wav,blues,melancholic,0,0,3,3
../data/raw/blues/blues_blues.00065.wav,blues,melancholic,0,0,3,3
../data/raw/blues/blues_blues.00066.wav,blues,melancholic,0,0,3,3
../data/raw/blues/blues_blues.00067.wav,blues,melancholic,0,0,3,3
../data/raw/blues/blues_blues.00068.wav,blues,melancholic,0,0,3,3
../data/raw/blues/blues_blues.00069.wav,blues,melancholic,0,0,3,3
../data/raw/blues/blues_blues.00070.wav,blues,melancholic,0,0,3,3
../data/raw/blues/blues_blues.00071.wav,blues,melancholic,0,0,3,3
../data/raw/blues/blues_blues.00072.wav,blues,melancholic,0,0,3,3
../data/raw/blues/blues_blues.00073.wav,blues,melancholic,0,0,3,3
../data/raw/blues/blues_blues.00074.wav,blues,melancholic,0,0,3,3
../data/raw/blues/blues_blues.00075.wav,blues,melancholic,0,0,3,3
../data/raw/blues/blues_blues.00076.wav,blues,melancholic,0,0,3,3
../data/raw/blues/blues_blues.00077.wav,blues,melancholic,0,0,3,3
../data/raw/blues/blues_blues.00078.wav,blues,melancholic,0,0,3,3
../data/raw/blues/blues_blues.00079.wav,blues,melancholic,0,0,3,3
../data/raw/blues/blues_blues.00080.wav,blues,melancholic,0,0,3,3
../data/raw/blues/blues_blues.00081.wav,blues,melancholic,0,0,3,3
../data/raw/blues/blues_blues.00082.wav,blues,melancholic,0,0,3,3
../data/raw/blues/blues_blues.00083.wav,blues,melancholic,0,0,3,3
../data/raw/blues/blues_blues.00084.wav,blues,melancholic,0,0,3,3
../data/raw/blues/blues_blues.00085.wav,blues,melancholic,0,0,3,3
../data/raw/blues/blues_blues.00086.wav,blues,melancholic,0,0,3,3
../data/raw/blues/blues_blues.00087.wav,blues,melancholic,0,0,3,3
../data/raw/blues/blues_blues.00088.wav,blues,melancholic,0,0,3,3
../data/raw/blues/blues_blues.00089.wav,blues,melancholic,0,0,3,3
../data/raw/blues/blues_blues.00090.wav,blues,melancholic,0,0,3,3
../data/raw/blues/blues_blues.00091.wav,blues,melancholic,0,0,3,3
../data/raw/blues/blues_blues.00092.wav,blues,melancholic,0,0,3,3
../data/raw/blues/blues_blues.00093.wav,blues,melancholic,0,0,3,3
../data/raw/blues/blues_blues.00094.wav,blues,melancholic,0,0,3,3
../data/raw/blues/blues_blues.00095.wav,blues,melancholic,0,0,3,3
../data/raw/blues/blues_blues.00096.wav,blues,melancholic,0,0,3,3
../data/raw/blues/blues_blues.00097.wav,blues,melancholic,0,0,3,3
../data/raw/blues/blues_blues.00098.wav,blues,melancholic,0,0,3,3
../data/raw/blues/blues_blues.00099.wav,blues,melancholic,0,0,3,3
../data/raw/blues/blues_blues.00100.wav,blues,melancholic,0,0,3,3
../data/raw/blues/blues_blues.00101.wav,blues,melancholic,0,0,3,3
../data/raw/blues/blues_blues.00102.wav,blues,melancholic,0,0,3,3
../data/raw/blues/blues_blues.00103.wav,blues,melancholic,0,0,3,3
../data/raw/blues/blues_blues.00104.wav,blues,melancholic,0,0,3,3
../data/raw/blues/blues_blues.00105.wav,blues,melancholic,0,0,3,3
../data/raw/blues/blues_blues.00106.wav,blues,melancholic,0,0,3,3
../data/raw/blues/blues_blues.00107.wav,blues,melancholic,0,0,3,3
../data/raw/blues/blues_blues.00108.wav,blues,melancholic,0,0,3,3
../data/raw/blues/blues_blues.00109.wav,blues,melancholic,0,0,3,3
../data/raw/blues/blues_blues.00110.wav,blues,melancholic,0,0,3,3
../data/raw/blues/blues_blues.00111.wav,blues,melancholic,0,0,3,3
../data/raw/blues/blues_blues.00112.wav,blues,melancholic,0,0,3,3
../data/raw/blues/blues_blues.00113.wav,blues,melancholic,0,0,3,3
../data/raw/blues/blues_blues.00114.wav,blues,melancholic,0,0,3,3
../data/raw/blues/blues_blues.00115.wav,blues,melancholic,0,0,3,3
../data/raw/blues/blues_blues.00116.wav,blues,melancholic,0,0,3,3
../data/raw/blues/blues_blues.00117.wav,blues,melancholic,0,0,3,3
../data/raw/blues/blues_blues.00118.wav,blues,melancholic,0,0,3,3
../data/raw/blues/blues_blues.00119.wav,blues,melancholic,0,0,3,3
../data/raw/blues/blues_blues.00120.wav,blues,melancholic,0,0,3,3
../data/raw/blues/blues_blues.00121.wav,blues,melancholic,0,0,3,3
../data/raw/blues/blues_blues.00122.wav,blues,melancholic,0,0,3,3
../data/raw/blues/blues_blues.00123.wav,blues,melancholic,0,0,3,3
../data/raw/blues/blues_blues.00124.wav,blues,melancholic,0,0,3,3
../data/raw/country/country_country.00000.wav,country,melancholic,0,0,3,3
../data/raw/country/country_country.00001.wav,country,melancholic,0,0,3,3
../data/raw/country/country_country.00002.wav,country,melancholic,0,0,3,3
../data/raw/country/country_country.00003.wav,country,melancholic,0,0,3,3
../data/raw/country/country_country.00004.wav,country,melancholic,0,0,3,3
../data/raw/country/country_country.00005.wav,country,melancholic,0,0,3,3
../data/raw/country/country_country.00006.wav,country,melancholic,0,0,3,3
../data/raw/country/country_country.00007.wav,country,melancholic,0,0,3,3
../data/raw/country/country_country.00008.wav,country,melancholic,0,0,3,3
../data/raw/country/country_country.00009.wav,country,melancholic,0,0,3,3
../data/raw/country/country_country.00010.wav,country,melancholic,0,0,3,3
../data/raw/country/country_country.00011.wav,country,melancholic,0,0,3,3
../data/raw/country/country_country.00012.wav,country,melancholic,0,0,3,3
../data/raw/country/country_country.00013.wav,country,melancholic,0,0,3,3
../data/raw/country/country_country.00014.wav,country,melancholic,0,0,3,3
../data/raw/country/country_country.00015.wav,country,melancholic,0,0,3,3
../data/raw/country/country_country.00016.wav,country,melancholic,0,0,3,3
../data/raw/country/country_country.00017.wav,country,melancholic,0,0,3,3
../data/raw/country/country_country.00018.wav,country,melancholic,0,0,3,3
../data/raw/country/country_country.00019.wav,country,melancholic,0,0,3,3
../data/raw/country/country_country.00020.wav,country,melancholic,0,0,3,3
../data/raw/country/country_country.00021.wav,country,melancholic,0,0,3,3
../data/raw/country/country_country.00022.wav,country,melancholic,0,0,3,3
../data/raw/country/country_country.00023.wav,country,melancholic,0,0,3,3
../data/raw/country/country_country.00024.wav,country,melancholic,0,0,3,3
../data/raw/country/country_country.00025.wav,country,melancholic,0,0,3,3
../data/raw/country/country_country.00026.wav,country,melancholic,0,0,3,3
../data/raw/country/country_country.00027.wav,country,melancholic,0,0,3,3
../data/raw/country/country_country.00028.wav,country,melancholic,0,0,3,3
../data/raw/country/country_country.00029.wav,country,melancholic,0,0,3,3
../data/raw/country/country_country.00030.wav,country,melancholic,0,0,3,3
../data/raw/country/country_country.00031.wav,country,melancholic,0,0,3,3
../data/raw/country/country_country.00032.wav,country,melancholic,0,0,3,3
../data/raw/country/country_country.00033.wav,country,melancholic,0,0,3,3
../data/raw/country/country_country.00034.wav,country,melancholic,0,0,3,3
../data/raw/country/country_country.00035.wav,country,melancholic,0,0,3,3
../data/raw/country/country_country.00036.wav,country,melancholic,0,0,3,3
../data/raw/country/country_country.00037.wav,country,melancholic,0,0,3,3
../data/raw/country/country_country.00038.wav,country,melancholic,0,0,3,3
../data/raw/country/country_country.00039.wav,country,melancholic,0,0,3,3
../data/raw/country/country_country.00040.wav,country,melancholic,0,0,3,3
../data/raw/country/country_country.00041.wav,country,melancholic,0,0,3,3
../data/raw/country/country_country.00042.wav,country,melancholic,0,0,3,3
../data/raw/country/country_country.00043.wav,country,melancholic,0,0,3,3
../data/raw/country/country_country.00044.wav,country,melancholic,0,0,3,3
../data/raw/country/country_country.00045.wav,country,melancholic,0,0,3,3
../data/raw/country/country_country.00046.wav,country,melancholic,0,0,3,3
../data/raw/country/country_country.00047.wav,country,melancholic,0,0,3,3
../data/raw/country/country_country.00048.wav,country,melancholic,0,0,3,3
../data/raw/country/country_country.00049.wav,country,melancholic,0,0,3,3
../data/raw/country/country_country.00050.wav,country,melancholic,0,0,3,3
../data/raw/country/country_country.00051.wav,country,melancholic,0,0,3,3
../data/raw/country/country_country.00052.wav,country,melancholic,0,0,3,3
../data/raw/country/country_country.00053.wav,country,melancholic,0,0,3,3
../data/raw/country/country_country.00054.wav,country,melancholic,0,0,3,3
../data/raw/country/country_country.00055.wav,country,melancholic,0,0,3,3
../data/raw/country/country_country.00056.wav,country,melancholic,0,0,3,3
../data/raw/country/country_country.00057.wav,country,melancholic,0,0,3,3
../data/raw/country/country_country.00058.wav,country,melancholic,0,0,3,3
../data/raw/country/country_country.00059.wav,country,melancholic,0,0,3,3
../data/raw/country/country_country.00060.wav,country,melancholic,0,0,3,3
../data/raw/country/country_country.00061.wav,country,melancholic,0,0,3,3
../data/raw/country/country_country.00062.wav,country,melancholic,0,0,3,3
../data/raw/country/country_country.00063.wav,country,melancholic,0,0,3,3
../data/raw/country/country_country.00064.wav,country,melancholic,0,0,3,3
../data/raw/country/country_country.00065.wav,country,melancholic,0,0,3,3
../data/raw/country/country_country.00066.wav,country,melancholic,0,0,3,3
../data/raw/country/country_country.00067.wav,country,melancholic,0,0,3,3
../data/raw/country/country_country.00068.wav,country,melancholic,0,0,3,3
../data/raw/country/country_country.00069.wav,country,melancholic,0,0,3,3
../data/raw/country/country_country.00070.wav,country,melancholic,0,0,3,3
../data/raw/country/country_country.00071.wav,country,melancholic,0,0,3,3
../data/raw/country/country_country.00072.wav,country,melancholic,0,0,3,3
../data/raw/country/country_country.00073.wav,country,melancholic,0,0,3,3
../data/raw/country/country_country.00074.wav,country,melancholic,0,0,3,3
../data/raw/country/country_country.00075.wav,country,melancholic,0,0,3,3
../data/raw/country/country_country.00076.wav,country,melancholic,0,0,3,3
../data/raw/country/country_country.00077.wav,country,melancholic,0,0,3,3
../data/raw/country/country_country.00078.wav,country,melancholic,0,0,3,3
../data/raw/country/country_country.00079.wav,country,melancholic,0,0,3,3
../data/raw/country/country_country.00080.wav,country,melancholic,0,0,3,3
../data/raw/country/country_country.00081.wav,country,melancholic,0,0,3,3
../data/raw/country/country_country.00082.wav,country,melancholic,0,0,3,3
../data/raw/country/country_country.00083.wav,country,melancholic,0,0,3,3
../data/raw/country/country_country.00084.wav,country,melancholic,0,0,3,3
../data/raw/country/country_country.00085.wav,country,melancholic,0,0,3,3
../data/raw/country/country_country.00086.wav,country,melancholic,0,0,3,3
../data/raw/country/country_country.00087.wav,country,melancholic,0,0,3,3
../data/raw/country/country_country.00088.wav,country,melancholic,0,0,3,3
../data/raw/country/country_country.00089.wav,country,melancholic,0,0,3,3
../data/raw/country/country_country.00090.wav,country,melancholic,0,0,3,3
../data/raw/country/country_country.00091.wav,country,melancholic,0,0,3,3
../data/raw/country/country_country.00092.wav,country,melancholic,0,0,3,3
../data/raw/country/country_country.00093.wav,country,melancholic,0,0,3,3
../data/raw/country/country_country.00094.wav,country,melancholic,0,0,3,3
../data/raw/country/country_country.00095.wav,country,melancholic,0,0,3,3
../data/raw/country/country_country.00096.wav,country,melancholic,0,0,3,3
../data/raw/country/country_country.00097.wav,country,melancholic,0,0,3,3
../data/raw/country/country_country.00098.wav,country,melancholic,0,0,3,3
../data/raw/country/country_country.00099.wav,country,melancholic,0,0,3,3
../data/raw/country/country_country.00100.wav,country,melancholic,0,0,3,3
../data/raw/country/country_country.00101.wav,country,melancholic,0,0,3,3
../data/raw/country/country_country.00102.wav,country,melancholic,0,0,3,3
../data/raw/country/country_country.00103.wav,country,melancholic,0,0,3,3
../data/raw/country/country_country.00104.wav,country,melancholic,0,0,3,3
../data/raw/country/country_country.00105.wav,country,melancholic,0,0,3,3
../data/raw/country/country_country.00106.wav,country,melancholic,0,0,3,3
../data/raw/country/country_country.00107.wav,country,melancholic,0,0,3,3
../data/raw/country/country_country.00108.wav,country,melancholic,0,0,3,3
../data/raw/country/country_country.00109.wav,country,melancholic,0,0,3,3
../data/raw/country/country_country.00110.wav,country,melancholic,0,0,3,3
../data/raw/country/country_country.00111.wav,country,melancholic,0,0,3,3
../data/raw/country/country_country.00112.wav,country,melancholic,0,0,3,3
../data/raw/country/country_country.00113.wav,country,melancholic,0,0,3,3
../data/raw/country/country_country.00114.wav,country,melancholic,0,0,3,3
../data/raw/country/country_country.00115.wav,country,melancholic,0,0,3,3
../data/raw/country/country_country.00116.wav,country,melancholic,0,0,3,3
../data/raw/country/country_country.00117.wav,country,melancholic,0,0,3,3
../data/raw/country/country_country.00118.wav,country,melancholic,0,0,3,3
../data/raw/country/country_country.00119.wav,country,melancholic,0,0,3,3
../data/raw/country/country_country.00120.wav,country,melancholic,0,0,3,3
../data/raw/country/country_country.00121.wav,country,melancholic,0,0,3,3
../data/raw/country/country_country.00122.wav,country,melancholic,0,0,3,3
../data/raw/country/country_country.00123.wav,country,melancholic,0,0,3,3
../data/raw/country/country_country.00124.wav,country,melancholic,0,0,3,3
